Job_Description,JobType
Frontend Developer needed for a growing startup. Entry-level applicants welcome. Training provided.,Jobs – IT
"We are expanding our engineering team and need a Machine Learning Engineer. Daily tasks: automate deployment pipelines, provide IT support to end users, troubleshoot and resolve network issues. Stack: AWS, PostgreSQL.",Jobs – IT
Junior Android Developer position available. Ideal for someone looking to start a career in technology.,Jobs – IT
"Hiring a Cloud Engineer for our technology team. Opportunity to learn, grow and work on real-world projects.",Jobs – IT
"We need a Frontend Developer to support our IT infrastructure. Tasks include configure and manage firewalls, troubleshoot and resolve network issues, and ensuring uptime of .NET systems. CompTIA A+ preferred.",Jobs – IT
"We need a Backend Developer to support our IT infrastructure. Tasks include provide IT support to end users, write clean and maintainable code, and ensuring uptime of Flutter systems. AWS Certified Solutions Architect preferred.",Jobs – IT
IT Support Specialist needed for a growing startup. Entry-level applicants welcome. Training provided.,Jobs – IT
"Database Administrator needed for a fast-growing tech company. Must have strong knowledge of React Native, MongoDB, and cybersecurity best practices. You will be responsible for develop internal tools and dashboards, monitor system performance and uptime, and monitor system performance and uptime.",Jobs – IT
"Cybersecurity Specialist role: 3 years of experience with networking protocols required. Responsibilities include develop internal tools and dashboards, monitor system performance and uptime. Knowledge of Active Directory and containerization is a strong plus.",Jobs – IT
Cybersecurity Analyst needed for a growing startup. Entry-level applicants welcome. Training provided.,Jobs – IT
Join our data team as a Mobile App Developer. We need someone experienced in Kubernetes to handle collaborate with cross-functional teams and develop internal tools and dashboards. Experience with cloud services and load balancers is required.,Jobs – IT
"Systems Administrator needed for a fast-growing tech company. Must have strong knowledge of iOS, TCP/IP, and containerization. You will be responsible for implement security best practices, provide IT support to end users, and collaborate with cross-functional teams.",Jobs – IT
"Nexus Technologies is looking for a IT Support Specialist. Key responsibilities: conduct code reviews, maintain server infrastructure. Required skills: firewalls, REST APIs, Agile methodology. Competitive salary and benefits.",Jobs – IT
"Hiring a Python Developer for our technology team. Opportunity to learn, grow and work on real-world projects.",Jobs – IT
Cybersecurity Specialist needed for a growing startup. Entry-level applicants welcome. Training provided.,Jobs – IT
Remote Software Engineer position available. Must have hands-on experience with React and TCP/IP. You will automate deployment pipelines and work with the data team.,Jobs – IT
Infrastructure Engineer needed for a growing startup. Entry-level applicants welcome. Training provided.,Jobs – IT
"We are expanding our security team and need a Cybersecurity Analyst. Daily tasks: write clean and maintainable code, troubleshoot and resolve network issues, write clean and maintainable code. Stack: Azure, Windows Server.",Jobs – IT
"Seeking a Cybersecurity Specialist to design, build and maintain AWS systems. You will work closely with security teams on develop and deploy web applications. Must be proficient in TCP/IP. Remote-friendly position.",Jobs – IT
"Looking for a skilled Infrastructure Engineer. You will be troubleshooting and maintaining computer systems, networks and servers. Experience with Ansible and PostgreSQL required.",Jobs – IT
"We need a Python Developer to support our IT infrastructure. Tasks include maintain server infrastructure, write clean and maintainable code, and ensuring uptime of networking protocols systems. AWS Certified Solutions Architect preferred.",Jobs – IT
We are hiring a Mobile App Developer to join our platform team. The ideal candidate has 3 years of experience with Swift and PostgreSQL. Responsibilities include maintain server infrastructure and implement security best practices. AWS Certified Solutions Architect certification is a plus.,Jobs – IT
"Seeking a Full Stack Developer to design, build and maintain AWS systems. You will work closely with DevOps teams on manage cloud resources and costs. Must be proficient in TCP/IP. Remote-friendly position.",Jobs – IT
Junior Mobile App Developer position available. Ideal for someone looking to start a career in technology.,Jobs – IT
"InfraNet is looking for a Machine Learning Engineer. Key responsibilities: monitor system performance and uptime, maintain server infrastructure. Required skills: Java, cloud services, cybersecurity best practices. Competitive salary and benefits.",Jobs – IT
"Hiring a Frontend Developer for our technology team. Opportunity to learn, grow and work on real-world projects.",Jobs – IT
Join our security team as a Backend Developer. We need someone experienced in iOS to handle monitor system performance and uptime and automate deployment pipelines. Experience with REST APIs and Agile methodology is required.,Jobs – IT
"Hiring a IT Support Specialist for our technology team. Opportunity to learn, grow and work on real-world projects.",Jobs – IT
"We need a Software Engineer to support our IT infrastructure. Tasks include implement security best practices, implement security best practices, and ensuring uptime of networking protocols systems. Google Cloud Professional preferred.",Jobs – IT
"Network Administrator needed for a fast-growing tech company. Must have strong knowledge of Java, bash scripting, and cybersecurity best practices. You will be responsible for automate deployment pipelines, troubleshoot and resolve network issues, and implement security best practices.",Jobs – IT
We are hiring a Mobile App Developer to join our security team. The ideal candidate has 6 years of experience with Android and Git. Responsibilities include automate deployment pipelines and maintain server infrastructure. CompTIA Security+ certification is a plus.,Jobs – IT
"We are expanding our data team and need a Backend Developer. Daily tasks: develop internal tools and dashboards, provide IT support to end users, write clean and maintainable code. Stack: SQL, Active Directory.",Jobs – IT
"We are expanding our security team and need a Backend Developer. Daily tasks: perform security audits, develop internal tools and dashboards, manage cloud resources and costs. Stack: Swift, bash scripting.",Jobs – IT
Join our security team as a Systems Administrator. We need someone experienced in React Native to handle design database schemas and perform security audits. Experience with cloud services and containerization is required.,Jobs – IT
We are hiring a QA Engineer to join our platform team. The ideal candidate has 6 years of experience with Azure and REST APIs. Responsibilities include write clean and maintainable code and automate deployment pipelines. CompTIA Security+ certification is a plus.,Jobs – IT
"Seeking a IT Support Specialist to design, build and maintain Docker systems. You will work closely with cloud teams on implement security best practices. Must be proficient in VMware. Remote-friendly position.",Jobs – IT
Web Developer needed for a growing startup. Entry-level applicants welcome. Training provided.,Jobs – IT
"Looking for a skilled Data Engineer. You will be troubleshooting and maintaining computer systems, networks and servers. Experience with C# and PostgreSQL required.",Jobs – IT
"Looking for a skilled Full Stack Developer. You will be troubleshooting and maintaining computer systems, networks and servers. Experience with Ansible and MongoDB required.",Jobs – IT
"Cybersecurity Specialist needed for a fast-growing tech company. Must have strong knowledge of Ansible, TCP/IP, and Agile methodology. You will be responsible for maintain server infrastructure, maintain server infrastructure, and develop internal tools and dashboards.",Jobs – IT
"Full Stack Developer role: 4 years of experience with Swift required. Responsibilities include collaborate with cross-functional teams, develop and deploy web applications. Knowledge of TCP/IP and microservices is a strong plus.",Jobs – IT
"Hiring a Full Stack Developer for our technology team. Opportunity to learn, grow and work on real-world projects.",Jobs – IT
"We are expanding our infrastructure team and need a Cybersecurity Specialist. Daily tasks: troubleshoot and resolve network issues, develop and deploy web applications, implement security best practices. Stack: Docker, Git.",Jobs – IT
"Hiring a Python Developer for our technology team. Opportunity to learn, grow and work on real-world projects.",Jobs – IT
Remote IT Support Specialist position available. Must have hands-on experience with networking protocols and Windows Server. You will conduct code reviews and work with the infrastructure team.,Jobs – IT
We are hiring a Python Developer to join our infrastructure team. The ideal candidate has 5 years of experience with C# and MongoDB. Responsibilities include configure and manage firewalls and manage cloud resources and costs. Certified Ethical Hacker (CEH) certification is a plus.,Jobs – IT
Web Developer needed for a growing startup. Entry-level applicants welcome. Training provided.,Jobs – IT
"DataBridge is looking for a Cybersecurity Specialist. Key responsibilities: maintain server infrastructure, collaborate with cross-functional teams. Required skills: Ansible, bash scripting, monitoring tools. Competitive salary and benefits.",Jobs – IT
"Looking for a skilled Full Stack Developer. You will be troubleshooting and maintaining computer systems, networks and servers. Experience with Python and TCP/IP required.",Jobs – IT
"Apex Software is looking for a Machine Learning Engineer. Key responsibilities: monitor system performance and uptime, conduct code reviews. Required skills: C#, bash scripting, containerization. Competitive salary and benefits.",Jobs – IT
"Data Engineer role: 5 years of experience with C# required. Responsibilities include manage cloud resources and costs, automate deployment pipelines. Knowledge of Active Directory and cybersecurity best practices is a strong plus.",Jobs – IT
Site Reliability Engineer needed for a growing startup. Entry-level applicants welcome. Training provided.,Jobs – IT
"Looking for a skilled Data Engineer. You will be troubleshooting and maintaining computer systems, networks and servers. Experience with Swift and bash scripting required.",Jobs – IT
"IT Help Desk Technician role: 8 years of experience with Docker required. Responsibilities include manage cloud resources and costs, automate deployment pipelines. Knowledge of cloud services and Agile methodology is a strong plus.",Jobs – IT
"Seeking a IT Support Specialist to design, build and maintain SQL systems. You will work closely with data teams on troubleshoot and resolve network issues. Must be proficient in PostgreSQL. Remote-friendly position.",Jobs – IT
Remote Machine Learning Engineer position available. Must have hands-on experience with Kubernetes and Active Directory. You will collaborate with cross-functional teams and work with the data team.,Jobs – IT
"Hiring a Frontend Developer for our technology team. Opportunity to learn, grow and work on real-world projects.",Jobs – IT
"Seeking a QA Engineer to design, build and maintain networking protocols systems. You will work closely with infrastructure teams on automate deployment pipelines. Must be proficient in cloud services. Remote-friendly position.",Jobs – IT
"We are expanding our platform team and need a Cybersecurity Specialist. Daily tasks: implement security best practices, conduct code reviews, design database schemas. Stack: iOS, VMware.",Jobs – IT
"Hiring a IT Support Specialist for our technology team. Opportunity to learn, grow and work on real-world projects.",Jobs – IT
Junior Data Engineer position available. Ideal for someone looking to start a career in technology.,Jobs – IT
Junior DevOps Engineer position available. Ideal for someone looking to start a career in technology.,Jobs – IT
Join our security team as a Machine Learning Engineer. We need someone experienced in Swift to handle collaborate with cross-functional teams and design database schemas. Experience with CI/CD pipelines and monitoring tools is required.,Jobs – IT
"Hiring a Site Reliability Engineer for our technology team. Opportunity to learn, grow and work on real-world projects.",Jobs – IT
Remote IT Support Specialist position available. Must have hands-on experience with firewalls and CI/CD pipelines. You will perform security audits and work with the cloud team.,Jobs – IT
Junior Cloud Engineer position available. Ideal for someone looking to start a career in technology.,Jobs – IT
"Seeking a Android Developer to design, build and maintain networking protocols systems. You will work closely with security teams on manage cloud resources and costs. Must be proficient in Git. Remote-friendly position.",Jobs – IT
"TechCorp is looking for a Cybersecurity Analyst. Key responsibilities: conduct code reviews, maintain server infrastructure. Required skills: React, Active Directory, containerization. Competitive salary and benefits.",Jobs – IT
"Nexus Technologies is looking for a IT Support Specialist. Key responsibilities: write clean and maintainable code, write clean and maintainable code. Required skills: Flutter, CI/CD pipelines, Agile methodology. Competitive salary and benefits.",Jobs – IT
Join our security team as a DevOps Engineer. We need someone experienced in Azure to handle design database schemas and implement security best practices. Experience with bash scripting and microservices is required.,Jobs – IT
"iOS Developer needed for a fast-growing tech company. Must have strong knowledge of Azure, Git, and containerization. You will be responsible for maintain server infrastructure, provide IT support to end users, and troubleshoot and resolve network issues.",Jobs – IT
"We need a Data Analyst to support our IT infrastructure. Tasks include maintain server infrastructure, implement security best practices, and ensuring uptime of Swift systems. CCNA preferred.",Jobs – IT
"Hiring a Mobile App Developer for our technology team. Opportunity to learn, grow and work on real-world projects.",Jobs – IT
We are hiring a Machine Learning Engineer to join our DevOps team. The ideal candidate has 5 years of experience with Azure and Active Directory. Responsibilities include monitor system performance and uptime and develop internal tools and dashboards. CompTIA A+ certification is a plus.,Jobs – IT
"We need a Cloud Engineer to support our IT infrastructure. Tasks include configure and manage firewalls, develop internal tools and dashboards, and ensuring uptime of Flutter systems. PMP preferred.",Jobs – IT
Remote Machine Learning Engineer position available. Must have hands-on experience with Swift and MongoDB. You will conduct code reviews and work with the DevOps team.,Jobs – IT
Remote IT Support Specialist position available. Must have hands-on experience with Swift and bash scripting. You will collaborate with cross-functional teams and work with the DevOps team.,Jobs – IT
"IT Help Desk Technician needed for a fast-growing tech company. Must have strong knowledge of React, Windows Server, and containerization. You will be responsible for develop internal tools and dashboards, provide IT support to end users, and implement security best practices.",Jobs – IT
"Network Administrator role: 3 years of experience with Ansible required. Responsibilities include configure and manage firewalls, write clean and maintainable code. Knowledge of VMware and monitoring tools is a strong plus.",Jobs – IT
Remote Software Engineer position available. Must have hands-on experience with SQL and Active Directory. You will write clean and maintainable code and work with the engineering team.,Jobs – IT
Remote Web Developer position available. Must have hands-on experience with Ansible and TCP/IP. You will perform security audits and work with the platform team.,Jobs – IT
"Looking for a skilled IT Support Specialist. You will be troubleshooting and maintaining computer systems, networks and servers. Experience with Kubernetes and Windows Server required.",Jobs – IT
Join our data team as a Network Administrator. We need someone experienced in React to handle provide IT support to end users and manage cloud resources and costs. Experience with bash scripting and monitoring tools is required.,Jobs – IT
"Looking for a skilled IT Support Specialist. You will be troubleshooting and maintaining computer systems, networks and servers. Experience with Node.js and CI/CD pipelines required.",Jobs – IT
"Data Engineer role: 3 years of experience with Flutter required. Responsibilities include conduct code reviews, troubleshoot and resolve network issues. Knowledge of VMware and Agile methodology is a strong plus.",Jobs – IT
Remote QA Engineer position available. Must have hands-on experience with Java and MongoDB. You will maintain server infrastructure and work with the cloud team.,Jobs – IT
"Seeking a Mobile App Developer to design, build and maintain Java systems. You will work closely with data teams on configure and manage firewalls. Must be proficient in Git. Remote-friendly position.",Jobs – IT
"Seeking a Web Developer to design, build and maintain Kotlin systems. You will work closely with DevOps teams on write clean and maintainable code. Must be proficient in bash scripting. Remote-friendly position.",Jobs – IT
Remote Data Engineer position available. Must have hands-on experience with Ansible and MongoDB. You will provide IT support to end users and work with the DevOps team.,Jobs – IT
"Hiring a Network Administrator for our technology team. Opportunity to learn, grow and work on real-world projects.",Jobs – IT
"Software Engineer needed for a fast-growing tech company. Must have strong knowledge of Kotlin, VMware, and containerization. You will be responsible for troubleshoot and resolve network issues, write clean and maintainable code, and manage cloud resources and costs.",Jobs – IT
Junior QA Engineer position available. Ideal for someone looking to start a career in technology.,Jobs – IT
"Seeking a Web Developer to design, build and maintain Linux systems. You will work closely with infrastructure teams on maintain server infrastructure. Must be proficient in MongoDB. Remote-friendly position.",Jobs – IT
"We are expanding our DevOps team and need a Cybersecurity Specialist. Daily tasks: design database schemas, implement security best practices, manage cloud resources and costs. Stack: Node.js, VMware.",Jobs – IT
"Looking for a skilled Infrastructure Engineer. You will be troubleshooting and maintaining computer systems, networks and servers. Experience with networking protocols and REST APIs required.",Jobs – IT
"We are expanding our engineering team and need a Systems Administrator. Daily tasks: provide IT support to end users, troubleshoot and resolve network issues, configure and manage firewalls. Stack: SQL, cloud services.",Jobs – IT
"We are expanding our DevOps team and need a Full Stack Developer. Daily tasks: monitor system performance and uptime, design database schemas, develop internal tools and dashboards. Stack: Docker, VMware.",Jobs – IT
"We are expanding our data team and need a Machine Learning Engineer. Daily tasks: perform security audits, collaborate with cross-functional teams, perform security audits. Stack: firewalls, REST APIs.",Jobs – IT
"Cybersecurity Analyst needed for a fast-growing tech company. Must have strong knowledge of firewalls, MongoDB, and cybersecurity best practices. You will be responsible for collaborate with cross-functional teams, conduct code reviews, and configure and manage firewalls.",Jobs – IT
Remote Backend Developer position available. Must have hands-on experience with C# and REST APIs. You will conduct code reviews and work with the cloud team.,Jobs – IT
"We need a Full Stack Developer to support our IT infrastructure. Tasks include monitor system performance and uptime, design database schemas, and ensuring uptime of .NET systems. AWS Certified Solutions Architect preferred.",Jobs – IT
"Looking for a skilled Web Developer. You will be troubleshooting and maintaining computer systems, networks and servers. Experience with networking protocols and VMware required.",Jobs – IT
Junior Cloud Engineer position available. Ideal for someone looking to start a career in technology.,Jobs – IT
"Seeking a Android Developer to design, build and maintain firewalls systems. You will work closely with DevOps teams on implement security best practices. Must be proficient in MongoDB. Remote-friendly position.",Jobs – IT
Remote IT Support Specialist position available. Must have hands-on experience with Linux and Active Directory. You will develop internal tools and dashboards and work with the security team.,Jobs – IT
"Seeking a Systems Administrator to design, build and maintain Ansible systems. You will work closely with DevOps teams on manage cloud resources and costs. Must be proficient in Windows Server. Remote-friendly position.",Jobs – IT
"We are expanding our data team and need a Mobile App Developer. Daily tasks: design database schemas, perform security audits, perform security audits. Stack: Linux, VMware.",Jobs – IT
Remote Cybersecurity Analyst position available. Must have hands-on experience with SQL and bash scripting. You will write clean and maintainable code and work with the DevOps team.,Jobs – IT
"ServerPro Solutions is looking for a Cybersecurity Specialist. Key responsibilities: configure and manage firewalls, conduct code reviews. Required skills: Terraform, Active Directory, cybersecurity best practices. Competitive salary and benefits.",Jobs – IT
We are hiring a DevOps Engineer to join our platform team. The ideal candidate has 6 years of experience with C# and REST APIs. Responsibilities include maintain server infrastructure and automate deployment pipelines. CompTIA A+ certification is a plus.,Jobs – IT
Junior DevOps Engineer position available. Ideal for someone looking to start a career in technology.,Jobs – IT
Backend Developer needed for a growing startup. Entry-level applicants welcome. Training provided.,Jobs – IT
"Full Stack Developer role: 2 years of experience with SQL required. Responsibilities include develop internal tools and dashboards, manage cloud resources and costs. Knowledge of cloud services and cybersecurity best practices is a strong plus.",Jobs – IT
"We need a Frontend Developer to support our IT infrastructure. Tasks include implement security best practices, manage cloud resources and costs, and ensuring uptime of Azure systems. AWS Certified Solutions Architect preferred.",Jobs – IT
"Nexus Technologies is looking for a Full Stack Developer. Key responsibilities: write clean and maintainable code, automate deployment pipelines. Required skills: .NET, Active Directory, microservices. Competitive salary and benefits.",Jobs – IT
"Cloud Engineer needed for a fast-growing tech company. Must have strong knowledge of Terraform, bash scripting, and cybersecurity best practices. You will be responsible for write clean and maintainable code, design database schemas, and develop internal tools and dashboards.",Jobs – IT
Join our data team as a QA Engineer. We need someone experienced in networking protocols to handle troubleshoot and resolve network issues and develop internal tools and dashboards. Experience with MongoDB and cybersecurity best practices is required.,Jobs – IT
Web Developer needed for a growing startup. Entry-level applicants welcome. Training provided.,Jobs – IT
Remote Data Engineer position available. Must have hands-on experience with firewalls and REST APIs. You will collaborate with cross-functional teams and work with the infrastructure team.,Jobs – IT
Junior Data Engineer position available. Ideal for someone looking to start a career in technology.,Jobs – IT
"We are expanding our security team and need a Cybersecurity Specialist. Daily tasks: configure and manage firewalls, perform security audits, write clean and maintainable code. Stack: Node.js, PostgreSQL.",Jobs – IT
"We are expanding our data team and need a Systems Administrator. Daily tasks: monitor system performance and uptime, maintain server infrastructure, develop internal tools and dashboards. Stack: React Native, cloud services.",Jobs – IT
"Looking for a skilled QA Engineer. You will be troubleshooting and maintaining computer systems, networks and servers. Experience with .NET and Git required.",Jobs – IT
"Network Administrator needed for a fast-growing tech company. Must have strong knowledge of iOS, Windows Server, and monitoring tools. You will be responsible for automate deployment pipelines, develop internal tools and dashboards, and manage cloud resources and costs.",Jobs – IT
"Looking for a skilled IT Help Desk Technician. You will be troubleshooting and maintaining computer systems, networks and servers. Experience with C# and REST APIs required.",Jobs – IT
"Hiring a Web Developer for our technology team. Opportunity to learn, grow and work on real-world projects.",Jobs – IT
"We are expanding our DevOps team and need a Site Reliability Engineer. Daily tasks: write clean and maintainable code, design database schemas, troubleshoot and resolve network issues. Stack: .NET, REST APIs.",Jobs – IT
"We are expanding our data team and need a IT Support Specialist. Daily tasks: manage cloud resources and costs, monitor system performance and uptime, collaborate with cross-functional teams. Stack: Flutter, VMware.",Jobs – IT
We are hiring a Full Stack Developer to join our cloud team. The ideal candidate has 5 years of experience with Azure and REST APIs. Responsibilities include develop internal tools and dashboards and automate deployment pipelines. CompTIA A+ certification is a plus.,Jobs – IT
"CloudSystems Inc. is looking for a Python Developer. Key responsibilities: implement security best practices, implement security best practices. Required skills: iOS, Active Directory, monitoring tools. Competitive salary and benefits.",Jobs – IT
Remote iOS Developer position available. Must have hands-on experience with Java and Windows Server. You will design database schemas and work with the security team.,Jobs – IT
"Seeking a Python Developer to design, build and maintain Flutter systems. You will work closely with cloud teams on collaborate with cross-functional teams. Must be proficient in Windows Server. Remote-friendly position.",Jobs – IT
"Seeking a Python Developer to design, build and maintain Flutter systems. You will work closely with infrastructure teams on troubleshoot and resolve network issues. Must be proficient in bash scripting. Remote-friendly position.",Jobs – IT
"Hiring a Mobile App Developer for our technology team. Opportunity to learn, grow and work on real-world projects.",Jobs – IT
"Hiring a DevOps Engineer for our technology team. Opportunity to learn, grow and work on real-world projects.",Jobs – IT
"Seeking a Python Developer to design, build and maintain Linux systems. You will work closely with DevOps teams on configure and manage firewalls. Must be proficient in CI/CD pipelines. Remote-friendly position.",Jobs – IT
We are hiring a Cloud Engineer to join our cloud team. The ideal candidate has 2 years of experience with Linux and Active Directory. Responsibilities include maintain server infrastructure and implement security best practices. CompTIA A+ certification is a plus.,Jobs – IT
"Hiring a Database Administrator for our technology team. Opportunity to learn, grow and work on real-world projects.",Jobs – IT
Remote Android Developer position available. Must have hands-on experience with firewalls and Active Directory. You will monitor system performance and uptime and work with the engineering team.,Jobs – IT
"Seeking a Backend Developer to design, build and maintain Linux systems. You will work closely with cloud teams on manage cloud resources and costs. Must be proficient in REST APIs. Remote-friendly position.",Jobs – IT
"We need a iOS Developer to support our IT infrastructure. Tasks include collaborate with cross-functional teams, maintain server infrastructure, and ensuring uptime of networking protocols systems. Certified Ethical Hacker (CEH) preferred.",Jobs – IT
Android Developer needed for a growing startup. Entry-level applicants welcome. Training provided.,Jobs – IT
"We need a Machine Learning Engineer to support our IT infrastructure. Tasks include monitor system performance and uptime, manage cloud resources and costs, and ensuring uptime of C# systems. CompTIA Security+ preferred.",Jobs – IT
"Seeking a Backend Developer to design, build and maintain AWS systems. You will work closely with DevOps teams on implement security best practices. Must be proficient in Active Directory. Remote-friendly position.",Jobs – IT
"Full Stack Developer role: 6 years of experience with iOS required. Responsibilities include maintain server infrastructure, collaborate with cross-functional teams. Knowledge of Windows Server and cybersecurity best practices is a strong plus.",Jobs – IT
Junior Full Stack Developer position available. Ideal for someone looking to start a career in technology.,Jobs – IT
Join our cloud team as a Frontend Developer. We need someone experienced in iOS to handle configure and manage firewalls and manage cloud resources and costs. Experience with Windows Server and Agile methodology is required.,Jobs – IT
"iOS Developer role: 7 years of experience with Flutter required. Responsibilities include provide IT support to end users, develop internal tools and dashboards. Knowledge of TCP/IP and Agile methodology is a strong plus.",Jobs – IT
We are hiring a Cloud Engineer to join our cloud team. The ideal candidate has 7 years of experience with Node.js and Windows Server. Responsibilities include troubleshoot and resolve network issues and develop and deploy web applications. CompTIA Security+ certification is a plus.,Jobs – IT
"Seeking a DevOps Engineer to design, build and maintain Python systems. You will work closely with data teams on automate deployment pipelines. Must be proficient in REST APIs. Remote-friendly position.",Jobs – IT
"Nexus Technologies is looking for a Cloud Engineer. Key responsibilities: maintain server infrastructure, develop internal tools and dashboards. Required skills: C#, bash scripting, monitoring tools. Competitive salary and benefits.",Jobs – IT
"Hiring a iOS Developer for our technology team. Opportunity to learn, grow and work on real-world projects.",Jobs – IT
"We need a Systems Administrator to support our IT infrastructure. Tasks include collaborate with cross-functional teams, maintain server infrastructure, and ensuring uptime of Android systems. Certified Ethical Hacker (CEH) preferred.",Jobs – IT
"Python Developer role: 2 years of experience with SQL required. Responsibilities include troubleshoot and resolve network issues, troubleshoot and resolve network issues. Knowledge of Active Directory and monitoring tools is a strong plus.",Jobs – IT
"Hiring a DevOps Engineer for our technology team. Opportunity to learn, grow and work on real-world projects.",Jobs – IT
"Site Reliability Engineer needed for a fast-growing tech company. Must have strong knowledge of SQL, TCP/IP, and monitoring tools. You will be responsible for conduct code reviews, monitor system performance and uptime, and configure and manage firewalls.",Jobs – IT
"We need a Cybersecurity Specialist to support our IT infrastructure. Tasks include conduct code reviews, perform security audits, and ensuring uptime of Python systems. CompTIA A+ preferred.",Jobs – IT
Junior Android Developer position available. Ideal for someone looking to start a career in technology.,Jobs – IT
Junior Database Administrator position available. Ideal for someone looking to start a career in technology.,Jobs – IT
"Looking for a skilled Cybersecurity Specialist. You will be troubleshooting and maintaining computer systems, networks and servers. Experience with C# and Git required.",Jobs – IT
"Hiring a Database Administrator for our technology team. Opportunity to learn, grow and work on real-world projects.",Jobs – IT
"We are expanding our DevOps team and need a DevOps Engineer. Daily tasks: configure and manage firewalls, monitor system performance and uptime, design database schemas. Stack: Flutter, REST APIs.",Jobs – IT
Mobile App Developer needed for a growing startup. Entry-level applicants welcome. Training provided.,Jobs – IT
Remote Android Developer position available. Must have hands-on experience with React and bash scripting. You will perform security audits and work with the cloud team.,Jobs – IT
Remote Full Stack Developer position available. Must have hands-on experience with Node.js and REST APIs. You will conduct code reviews and work with the engineering team.,Jobs – IT
Remote Mobile App Developer position available. Must have hands-on experience with Java and VMware. You will monitor system performance and uptime and work with the platform team.,Jobs – IT
"DevOps Engineer role: 5 years of experience with Azure required. Responsibilities include maintain server infrastructure, automate deployment pipelines. Knowledge of Windows Server and cybersecurity best practices is a strong plus.",Jobs – IT
Join our security team as a Data Analyst. We need someone experienced in Android to handle develop and deploy web applications and perform security audits. Experience with TCP/IP and monitoring tools is required.,Jobs – IT
"We need a Cybersecurity Analyst to support our IT infrastructure. Tasks include perform security audits, maintain server infrastructure, and ensuring uptime of Java systems. AWS Certified Solutions Architect preferred.",Jobs – IT
"Looking for a skilled Systems Administrator. You will be troubleshooting and maintaining computer systems, networks and servers. Experience with React Native and bash scripting required.",Jobs – IT
"ByteWorks is looking for a Data Engineer. Key responsibilities: provide IT support to end users, implement security best practices. Required skills: React Native, Active Directory, microservices. Competitive salary and benefits.",Jobs – IT
Cybersecurity Analyst needed for a growing startup. Entry-level applicants welcome. Training provided.,Jobs – IT
We are hiring a Database Administrator to join our cloud team. The ideal candidate has 3 years of experience with Kubernetes and Windows Server. Responsibilities include write clean and maintainable code and write clean and maintainable code. CompTIA Security+ certification is a plus.,Jobs – IT
"Looking for a skilled Frontend Developer. You will be troubleshooting and maintaining computer systems, networks and servers. Experience with iOS and TCP/IP required.",Jobs – IT
"We are expanding our infrastructure team and need a Site Reliability Engineer. Daily tasks: implement security best practices, design database schemas, troubleshoot and resolve network issues. Stack: Docker, bash scripting.",Jobs – IT
Cybersecurity Specialist needed for a growing startup. Entry-level applicants welcome. Training provided.,Jobs – IT
"Looking for a skilled IT Help Desk Technician. You will be troubleshooting and maintaining computer systems, networks and servers. Experience with .NET and cloud services required.",Jobs – IT
"Infrastructure Engineer role: 3 years of experience with Kubernetes required. Responsibilities include conduct code reviews, manage cloud resources and costs. Knowledge of bash scripting and microservices is a strong plus.",Jobs – IT
"ServerPro Solutions is looking for a Web Developer. Key responsibilities: maintain server infrastructure, configure and manage firewalls. Required skills: Android, REST APIs, containerization. Competitive salary and benefits.",Jobs – IT
"DevOps Engineer role: 5 years of experience with AWS required. Responsibilities include develop internal tools and dashboards, perform security audits. Knowledge of PostgreSQL and load balancers is a strong plus.",Jobs – IT
We are hiring a Site Reliability Engineer to join our platform team. The ideal candidate has 4 years of experience with SQL and Active Directory. Responsibilities include perform security audits and write clean and maintainable code. CCNA certification is a plus.,Jobs – IT
Junior Android Developer position available. Ideal for someone looking to start a career in technology.,Jobs – IT
"Hiring a Data Analyst for our technology team. Opportunity to learn, grow and work on real-world projects.",Jobs – IT
"Cybersecurity Specialist role: 6 years of experience with Ansible required. Responsibilities include write clean and maintainable code, manage cloud resources and costs. Knowledge of REST APIs and containerization is a strong plus.",Jobs – IT
"We need a Android Developer to support our IT infrastructure. Tasks include conduct code reviews, develop internal tools and dashboards, and ensuring uptime of networking protocols systems. Google Cloud Professional preferred.",Jobs – IT
Infrastructure Engineer needed for a growing startup. Entry-level applicants welcome. Training provided.,Jobs – IT
"Python Developer needed for a fast-growing tech company. Must have strong knowledge of Android, Windows Server, and Agile methodology. You will be responsible for automate deployment pipelines, automate deployment pipelines, and automate deployment pipelines.",Jobs – IT
"We need a IT Help Desk Technician to support our IT infrastructure. Tasks include implement security best practices, troubleshoot and resolve network issues, and ensuring uptime of Terraform systems. PMP preferred.",Jobs – IT
"TechCorp is looking for a IT Support Specialist. Key responsibilities: implement security best practices, configure and manage firewalls. Required skills: Flutter, REST APIs, monitoring tools. Competitive salary and benefits.",Jobs – IT
"Nexus Technologies is looking for a Web Developer. Key responsibilities: design database schemas, implement security best practices. Required skills: Flutter, Git, cybersecurity best practices. Competitive salary and benefits.",Jobs – IT
"Hiring a DevOps Engineer for our technology team. Opportunity to learn, grow and work on real-world projects.",Jobs – IT
"Apex Software is looking for a Data Engineer. Key responsibilities: troubleshoot and resolve network issues, configure and manage firewalls. Required skills: iOS, VMware, containerization. Competitive salary and benefits.",Jobs – IT
"ServerPro Solutions is looking for a Full Stack Developer. Key responsibilities: configure and manage firewalls, perform security audits. Required skills: C#, MongoDB, Agile methodology. Competitive salary and benefits.",Jobs – IT
"We need a Cybersecurity Analyst to support our IT infrastructure. Tasks include manage cloud resources and costs, configure and manage firewalls, and ensuring uptime of firewalls systems. Certified Ethical Hacker (CEH) preferred.",Jobs – IT
"Seeking a Machine Learning Engineer to design, build and maintain Docker systems. You will work closely with platform teams on perform security audits. Must be proficient in TCP/IP. Remote-friendly position.",Jobs – IT
"Looking for a skilled QA Engineer. You will be troubleshooting and maintaining computer systems, networks and servers. Experience with Ansible and Git required.",Jobs – IT
"We are expanding our cloud team and need a Machine Learning Engineer. Daily tasks: monitor system performance and uptime, collaborate with cross-functional teams, perform security audits. Stack: Java, REST APIs.",Jobs – IT
We are hiring a DevOps Engineer to join our DevOps team. The ideal candidate has 6 years of experience with React Native and VMware. Responsibilities include develop and deploy web applications and maintain server infrastructure. PMP certification is a plus.,Jobs – IT
"CloudSystems Inc. is looking for a Site Reliability Engineer. Key responsibilities: design database schemas, perform security audits. Required skills: Kotlin, Git, cybersecurity best practices. Competitive salary and benefits.",Jobs – IT
"We are expanding our platform team and need a DevOps Engineer. Daily tasks: manage cloud resources and costs, write clean and maintainable code, maintain server infrastructure. Stack: Terraform, Windows Server.",Jobs – IT
Remote Infrastructure Engineer position available. Must have hands-on experience with Azure and MongoDB. You will implement security best practices and work with the security team.,Jobs – IT
Junior IT Help Desk Technician position available. Ideal for someone looking to start a career in technology.,Jobs – IT
"Hiring a Python Developer for our technology team. Opportunity to learn, grow and work on real-world projects.",Jobs – IT
"Data Analyst needed for a fast-growing tech company. Must have strong knowledge of Flutter, Git, and containerization. You will be responsible for automate deployment pipelines, write clean and maintainable code, and maintain server infrastructure.",Jobs – IT
Join our engineering team as a IT Help Desk Technician. We need someone experienced in iOS to handle design database schemas and configure and manage firewalls. Experience with bash scripting and containerization is required.,Jobs – IT
"Seeking a Data Engineer to design, build and maintain firewalls systems. You will work closely with security teams on configure and manage firewalls. Must be proficient in TCP/IP. Remote-friendly position.",Jobs – IT
"Cybersecurity Analyst needed for a fast-growing tech company. Must have strong knowledge of networking protocols, VMware, and cybersecurity best practices. You will be responsible for automate deployment pipelines, perform security audits, and develop and deploy web applications.",Jobs – IT
"Hiring a DevOps Engineer for our technology team. Opportunity to learn, grow and work on real-world projects.",Jobs – IT
Junior IT Support Specialist position available. Ideal for someone looking to start a career in technology.,Jobs – IT
Data Engineer needed for a growing startup. Entry-level applicants welcome. Training provided.,Jobs – IT
iOS Developer needed for a growing startup. Entry-level applicants welcome. Training provided.,Jobs – IT
Mobile App Developer needed for a growing startup. Entry-level applicants welcome. Training provided.,Jobs – IT
Data Engineer needed for a growing startup. Entry-level applicants welcome. Training provided.,Jobs – IT
Remote Machine Learning Engineer position available. Must have hands-on experience with Kubernetes and Windows Server. You will develop and deploy web applications and work with the security team.,Jobs – IT
Junior Database Administrator position available. Ideal for someone looking to start a career in technology.,Jobs – IT
"Looking for a skilled QA Engineer. You will be troubleshooting and maintaining computer systems, networks and servers. Experience with Azure and CI/CD pipelines required.",Jobs – IT
"Cybersecurity Analyst needed for a fast-growing tech company. Must have strong knowledge of C#, PostgreSQL, and microservices. You will be responsible for design database schemas, automate deployment pipelines, and design database schemas.",Jobs – IT
Remote Software Engineer position available. Must have hands-on experience with Android and VMware. You will write clean and maintainable code and work with the engineering team.,Jobs – IT
"Looking for a skilled IT Help Desk Technician. You will be troubleshooting and maintaining computer systems, networks and servers. Experience with Flutter and cloud services required.",Jobs – IT
"We need a DevOps Engineer to support our IT infrastructure. Tasks include troubleshoot and resolve network issues, collaborate with cross-functional teams, and ensuring uptime of .NET systems. Google Cloud Professional preferred.",Jobs – IT
"CloudSystems Inc. is looking for a Web Developer. Key responsibilities: configure and manage firewalls, automate deployment pipelines. Required skills: Terraform, TCP/IP, load balancers. Competitive salary and benefits.",Jobs – IT
"Frontend Developer needed for a fast-growing tech company. Must have strong knowledge of C#, TCP/IP, and containerization. You will be responsible for configure and manage firewalls, develop and deploy web applications, and write clean and maintainable code.",Jobs – IT
"Full Stack Developer role: 2 years of experience with Linux required. Responsibilities include automate deployment pipelines, design database schemas. Knowledge of Windows Server and load balancers is a strong plus.",Jobs – IT
"ServerPro Solutions is looking for a iOS Developer. Key responsibilities: conduct code reviews, manage cloud resources and costs. Required skills: Terraform, bash scripting, cybersecurity best practices. Competitive salary and benefits.",Jobs – IT
Junior Mobile App Developer position available. Ideal for someone looking to start a career in technology.,Jobs – IT
"Hiring a Cybersecurity Specialist for our technology team. Opportunity to learn, grow and work on real-world projects.",Jobs – IT
Junior Full Stack Developer position available. Ideal for someone looking to start a career in technology.,Jobs – IT
"Python Developer needed for a fast-growing tech company. Must have strong knowledge of Swift, REST APIs, and microservices. You will be responsible for troubleshoot and resolve network issues, design database schemas, and perform security audits.",Jobs – IT
"We need a Data Analyst to support our IT infrastructure. Tasks include conduct code reviews, conduct code reviews, and ensuring uptime of Android systems. Certified Ethical Hacker (CEH) preferred.",Jobs – IT
Junior DevOps Engineer position available. Ideal for someone looking to start a career in technology.,Jobs – IT
Remote Web Developer position available. Must have hands-on experience with .NET and cloud services. You will monitor system performance and uptime and work with the cloud team.,Jobs – IT
"We are expanding our infrastructure team and need a IT Help Desk Technician. Daily tasks: write clean and maintainable code, manage cloud resources and costs, configure and manage firewalls. Stack: React, TCP/IP.",Jobs – IT
Junior Data Analyst position available. Ideal for someone looking to start a career in technology.,Jobs – IT
"Looking for a skilled Frontend Developer. You will be troubleshooting and maintaining computer systems, networks and servers. Experience with iOS and Active Directory required.",Jobs – IT
"Looking for a skilled Full Stack Developer. You will be troubleshooting and maintaining computer systems, networks and servers. Experience with AWS and Windows Server required.",Jobs – IT
Join our cloud team as a Web Developer. We need someone experienced in React to handle provide IT support to end users and implement security best practices. Experience with Git and Agile methodology is required.,Jobs – IT
We are hiring a Python Developer to join our platform team. The ideal candidate has 3 years of experience with Flutter and PostgreSQL. Responsibilities include maintain server infrastructure and collaborate with cross-functional teams. Certified Ethical Hacker (CEH) certification is a plus.,Jobs – IT
"Seeking a Python Developer to design, build and maintain Python systems. You will work closely with DevOps teams on collaborate with cross-functional teams. Must be proficient in TCP/IP. Remote-friendly position.",Jobs – IT
Network Administrator needed for a growing startup. Entry-level applicants welcome. Training provided.,Jobs – IT
"Cybersecurity Specialist role: 8 years of experience with Java required. Responsibilities include develop internal tools and dashboards, conduct code reviews. Knowledge of Git and load balancers is a strong plus.",Jobs – IT
"Hiring a IT Help Desk Technician for our technology team. Opportunity to learn, grow and work on real-world projects.",Jobs – IT
"Looking for a skilled QA Engineer. You will be troubleshooting and maintaining computer systems, networks and servers. Experience with Android and VMware required.",Jobs – IT
"Hiring a Frontend Developer for our technology team. Opportunity to learn, grow and work on real-world projects.",Jobs – IT
"Hiring a Data Engineer for our technology team. Opportunity to learn, grow and work on real-world projects.",Jobs – IT
"Cybersecurity Analyst role: 5 years of experience with React Native required. Responsibilities include develop and deploy web applications, design database schemas. Knowledge of REST APIs and microservices is a strong plus.",Jobs – IT
"Looking for a skilled Site Reliability Engineer. You will be troubleshooting and maintaining computer systems, networks and servers. Experience with React and Windows Server required.",Jobs – IT
Database Administrator needed for a growing startup. Entry-level applicants welcome. Training provided.,Jobs – IT
Junior Frontend Developer position available. Ideal for someone looking to start a career in technology.,Jobs – IT
Junior iOS Developer position available. Ideal for someone looking to start a career in technology.,Jobs – IT
iOS Developer needed for a growing startup. Entry-level applicants welcome. Training provided.,Jobs – IT
We are hiring a Web Developer to join our platform team. The ideal candidate has 3 years of experience with Swift and TCP/IP. Responsibilities include develop and deploy web applications and perform security audits. Google Cloud Professional certification is a plus.,Jobs – IT
"Seeking a Python Developer to design, build and maintain Swift systems. You will work closely with infrastructure teams on develop internal tools and dashboards. Must be proficient in VMware. Remote-friendly position.",Jobs – IT
Remote DevOps Engineer position available. Must have hands-on experience with networking protocols and bash scripting. You will automate deployment pipelines and work with the platform team.,Jobs – IT
Junior Software Engineer position available. Ideal for someone looking to start a career in technology.,Jobs – IT
"Full Stack Developer role: 5 years of experience with Java required. Responsibilities include develop and deploy web applications, configure and manage firewalls. Knowledge of MongoDB and load balancers is a strong plus.",Jobs – IT
"Nexus Technologies is looking for a Site Reliability Engineer. Key responsibilities: monitor system performance and uptime, monitor system performance and uptime. Required skills: Terraform, Active Directory, Agile methodology. Competitive salary and benefits.",Jobs – IT
Database Administrator needed for a growing startup. Entry-level applicants welcome. Training provided.,Jobs – IT
"Hiring a Software Engineer for our technology team. Opportunity to learn, grow and work on real-world projects.",Jobs – IT
Remote Database Administrator position available. Must have hands-on experience with Kubernetes and REST APIs. You will configure and manage firewalls and work with the infrastructure team.,Jobs – IT
Join our engineering team as a Network Administrator. We need someone experienced in Kotlin to handle provide IT support to end users and monitor system performance and uptime. Experience with CI/CD pipelines and load balancers is required.,Jobs – IT
Join our engineering team as a Cybersecurity Specialist. We need someone experienced in networking protocols to handle write clean and maintainable code and configure and manage firewalls. Experience with PostgreSQL and monitoring tools is required.,Jobs – IT
"Infrastructure Engineer needed for a fast-growing tech company. Must have strong knowledge of Swift, Windows Server, and monitoring tools. You will be responsible for provide IT support to end users, configure and manage firewalls, and monitor system performance and uptime.",Jobs – IT
Join our infrastructure team as a Data Engineer. We need someone experienced in Android to handle manage cloud resources and costs and manage cloud resources and costs. Experience with PostgreSQL and load balancers is required.,Jobs – IT
Python Developer needed for a growing startup. Entry-level applicants welcome. Training provided.,Jobs – IT
Junior Machine Learning Engineer position available. Ideal for someone looking to start a career in technology.,Jobs – IT
"Looking for a skilled Data Analyst. You will be troubleshooting and maintaining computer systems, networks and servers. Experience with networking protocols and CI/CD pipelines required.",Jobs – IT
"We need a IT Support Specialist to support our IT infrastructure. Tasks include develop internal tools and dashboards, design database schemas, and ensuring uptime of C# systems. CCNA preferred.",Jobs – IT
"Cybersecurity Specialist role: 3 years of experience with Java required. Responsibilities include monitor system performance and uptime, provide IT support to end users. Knowledge of MongoDB and load balancers is a strong plus.",Jobs – IT
Join our data team as a Mobile App Developer. We need someone experienced in iOS to handle write clean and maintainable code and conduct code reviews. Experience with PostgreSQL and load balancers is required.,Jobs – IT
We are hiring a Network Administrator to join our infrastructure team. The ideal candidate has 7 years of experience with Azure and VMware. Responsibilities include implement security best practices and provide IT support to end users. CompTIA Security+ certification is a plus.,Jobs – IT
Join our cloud team as a Web Developer. We need someone experienced in Node.js to handle automate deployment pipelines and monitor system performance and uptime. Experience with Active Directory and load balancers is required.,Jobs – IT
"ByteWorks is looking for a Infrastructure Engineer. Key responsibilities: develop internal tools and dashboards, write clean and maintainable code. Required skills: Azure, VMware, containerization. Competitive salary and benefits.",Jobs – IT
We are hiring a Mobile App Developer to join our DevOps team. The ideal candidate has 3 years of experience with Linux and CI/CD pipelines. Responsibilities include automate deployment pipelines and develop internal tools and dashboards. Google Cloud Professional certification is a plus.,Jobs – IT
"Looking for a skilled DevOps Engineer. You will be troubleshooting and maintaining computer systems, networks and servers. Experience with SQL and Active Directory required.",Jobs – IT
"Looking for a skilled IT Help Desk Technician. You will be troubleshooting and maintaining computer systems, networks and servers. Experience with firewalls and VMware required.",Jobs – IT
Junior Web Developer position available. Ideal for someone looking to start a career in technology.,Jobs – IT
Full Stack Developer needed for a growing startup. Entry-level applicants welcome. Training provided.,Jobs – IT
Join our security team as a Infrastructure Engineer. We need someone experienced in Java to handle monitor system performance and uptime and develop internal tools and dashboards. Experience with bash scripting and cybersecurity best practices is required.,Jobs – IT
We are hiring a Software Engineer to join our platform team. The ideal candidate has 6 years of experience with Ansible and CI/CD pipelines. Responsibilities include automate deployment pipelines and implement security best practices. Google Cloud Professional certification is a plus.,Jobs – IT
We are hiring a Infrastructure Engineer to join our DevOps team. The ideal candidate has 7 years of experience with React Native and Active Directory. Responsibilities include maintain server infrastructure and develop internal tools and dashboards. Google Cloud Professional certification is a plus.,Jobs – IT
Join our platform team as a Network Administrator. We need someone experienced in React to handle configure and manage firewalls and collaborate with cross-functional teams. Experience with Windows Server and containerization is required.,Jobs – IT
Remote Mobile App Developer position available. Must have hands-on experience with SQL and MongoDB. You will conduct code reviews and work with the infrastructure team.,Jobs – IT
"Seeking a Site Reliability Engineer to design, build and maintain iOS systems. You will work closely with security teams on monitor system performance and uptime. Must be proficient in VMware. Remote-friendly position.",Jobs – IT
Remote Machine Learning Engineer position available. Must have hands-on experience with C# and bash scripting. You will develop internal tools and dashboards and work with the data team.,Jobs – IT
Join our platform team as a Data Analyst. We need someone experienced in React to handle monitor system performance and uptime and develop internal tools and dashboards. Experience with CI/CD pipelines and Agile methodology is required.,Jobs – IT
"Cybersecurity Analyst needed for a fast-growing tech company. Must have strong knowledge of Swift, Git, and cybersecurity best practices. You will be responsible for conduct code reviews, collaborate with cross-functional teams, and develop internal tools and dashboards.",Jobs – IT
"Mobile App Developer needed for a fast-growing tech company. Must have strong knowledge of Terraform, cloud services, and monitoring tools. You will be responsible for perform security audits, collaborate with cross-functional teams, and configure and manage firewalls.",Jobs – IT
"Hiring a Data Analyst for our technology team. Opportunity to learn, grow and work on real-world projects.",Jobs – IT
"ServerPro Solutions is looking for a iOS Developer. Key responsibilities: troubleshoot and resolve network issues, monitor system performance and uptime. Required skills: Kotlin, Active Directory, containerization. Competitive salary and benefits.",Jobs – IT
Remote IT Support Specialist position available. Must have hands-on experience with Terraform and Active Directory. You will monitor system performance and uptime and work with the cloud team.,Jobs – IT
"Hiring a iOS Developer for our technology team. Opportunity to learn, grow and work on real-world projects.",Jobs – IT
Junior Site Reliability Engineer position available. Ideal for someone looking to start a career in technology.,Jobs – IT
"Seeking a DevOps Engineer to design, build and maintain Ansible systems. You will work closely with engineering teams on automate deployment pipelines. Must be proficient in VMware. Remote-friendly position.",Jobs – IT
"Seeking a Database Administrator to design, build and maintain Kotlin systems. You will work closely with platform teams on conduct code reviews. Must be proficient in bash scripting. Remote-friendly position.",Jobs – IT
"We need a Backend Developer to support our IT infrastructure. Tasks include develop and deploy web applications, monitor system performance and uptime, and ensuring uptime of SQL systems. CompTIA Security+ preferred.",Jobs – IT
"Looking for a skilled Data Engineer. You will be troubleshooting and maintaining computer systems, networks and servers. Experience with Linux and REST APIs required.",Jobs – IT
"Hiring a Backend Developer for our technology team. Opportunity to learn, grow and work on real-world projects.",Jobs – IT
"Data Engineer needed for a fast-growing tech company. Must have strong knowledge of C#, bash scripting, and load balancers. You will be responsible for configure and manage firewalls, conduct code reviews, and perform security audits.",Jobs – IT
"We need a Android Developer to support our IT infrastructure. Tasks include implement security best practices, write clean and maintainable code, and ensuring uptime of Node.js systems. CCNA preferred.",Jobs – IT
"We need a Cybersecurity Analyst to support our IT infrastructure. Tasks include configure and manage firewalls, write clean and maintainable code, and ensuring uptime of Flutter systems. CompTIA A+ preferred.",Jobs – IT
"Hiring a Site Reliability Engineer for our technology team. Opportunity to learn, grow and work on real-world projects.",Jobs – IT
Junior QA Engineer position available. Ideal for someone looking to start a career in technology.,Jobs – IT
IT Help Desk Technician needed for a growing startup. Entry-level applicants welcome. Training provided.,Jobs – IT
"Seeking a QA Engineer to design, build and maintain Swift systems. You will work closely with platform teams on automate deployment pipelines. Must be proficient in Active Directory. Remote-friendly position.",Jobs – IT
"Full Stack Developer role: 4 years of experience with iOS required. Responsibilities include develop internal tools and dashboards, maintain server infrastructure. Knowledge of bash scripting and cybersecurity best practices is a strong plus.",Jobs – IT
Python Developer needed for a growing startup. Entry-level applicants welcome. Training provided.,Jobs – IT
"Hiring a Cybersecurity Analyst for our technology team. Opportunity to learn, grow and work on real-world projects.",Jobs – IT
Remote Database Administrator position available. Must have hands-on experience with React Native and bash scripting. You will automate deployment pipelines and work with the security team.,Jobs – IT
"Seeking a Data Engineer to design, build and maintain Azure systems. You will work closely with security teams on manage cloud resources and costs. Must be proficient in Git. Remote-friendly position.",Jobs – IT
"IT Help Desk Technician role: 5 years of experience with Azure required. Responsibilities include implement security best practices, design database schemas. Knowledge of VMware and cybersecurity best practices is a strong plus.",Jobs – IT
We are hiring a Data Analyst to join our engineering team. The ideal candidate has 2 years of experience with C# and cloud services. Responsibilities include monitor system performance and uptime and configure and manage firewalls. Certified Ethical Hacker (CEH) certification is a plus.,Jobs – IT
"Cloud Engineer role: 3 years of experience with C# required. Responsibilities include design database schemas, write clean and maintainable code. Knowledge of TCP/IP and load balancers is a strong plus.",Jobs – IT
"Android Developer needed for a fast-growing tech company. Must have strong knowledge of Terraform, CI/CD pipelines, and cybersecurity best practices. You will be responsible for provide IT support to end users, develop internal tools and dashboards, and write clean and maintainable code.",Jobs – IT
"We need a Software Engineer to support our IT infrastructure. Tasks include configure and manage firewalls, configure and manage firewalls, and ensuring uptime of Kubernetes systems. Google Cloud Professional preferred.",Jobs – IT
"Hiring a Web Developer for our technology team. Opportunity to learn, grow and work on real-world projects.",Jobs – IT
"Android Developer role: 6 years of experience with Terraform required. Responsibilities include provide IT support to end users, maintain server infrastructure. Knowledge of bash scripting and load balancers is a strong plus.",Jobs – IT
"We are expanding our DevOps team and need a Cloud Engineer. Daily tasks: maintain server infrastructure, monitor system performance and uptime, develop and deploy web applications. Stack: Node.js, bash scripting.",Jobs – IT
Join our engineering team as a Data Engineer. We need someone experienced in .NET to handle collaborate with cross-functional teams and collaborate with cross-functional teams. Experience with Git and monitoring tools is required.,Jobs – IT
"We need a Cloud Engineer to support our IT infrastructure. Tasks include automate deployment pipelines, develop and deploy web applications, and ensuring uptime of iOS systems. CCNA preferred.",Jobs – IT
"Cybersecurity Analyst needed for a fast-growing tech company. Must have strong knowledge of Kotlin, CI/CD pipelines, and containerization. You will be responsible for troubleshoot and resolve network issues, design database schemas, and develop and deploy web applications.",Jobs – IT
"Infrastructure Engineer role: 5 years of experience with Ansible required. Responsibilities include collaborate with cross-functional teams, implement security best practices. Knowledge of cloud services and load balancers is a strong plus.",Jobs – IT
"Backend Developer needed for a fast-growing tech company. Must have strong knowledge of SQL, MongoDB, and Agile methodology. You will be responsible for manage cloud resources and costs, write clean and maintainable code, and automate deployment pipelines.",Jobs – IT
"Hiring a QA Engineer for our technology team. Opportunity to learn, grow and work on real-world projects.",Jobs – IT
"Full Stack Developer role: 7 years of experience with networking protocols required. Responsibilities include collaborate with cross-functional teams, maintain server infrastructure. Knowledge of TCP/IP and microservices is a strong plus.",Jobs – IT
"Looking for a skilled Full Stack Developer. You will be troubleshooting and maintaining computer systems, networks and servers. Experience with .NET and REST APIs required.",Jobs – IT
Join our platform team as a Cybersecurity Specialist. We need someone experienced in .NET to handle collaborate with cross-functional teams and develop and deploy web applications. Experience with bash scripting and cybersecurity best practices is required.,Jobs – IT
Join our platform team as a Full Stack Developer. We need someone experienced in iOS to handle automate deployment pipelines and develop and deploy web applications. Experience with MongoDB and monitoring tools is required.,Jobs – IT
"Looking for a skilled Mobile App Developer. You will be troubleshooting and maintaining computer systems, networks and servers. Experience with Android and cloud services required.",Jobs – IT
"Looking for a skilled Android Developer. You will be troubleshooting and maintaining computer systems, networks and servers. Experience with Linux and PostgreSQL required.",Jobs – IT
Remote DevOps Engineer position available. Must have hands-on experience with React and cloud services. You will collaborate with cross-functional teams and work with the platform team.,Jobs – IT
"We need a Infrastructure Engineer to support our IT infrastructure. Tasks include perform security audits, provide IT support to end users, and ensuring uptime of .NET systems. PMP preferred.",Jobs – IT
Junior QA Engineer position available. Ideal for someone looking to start a career in technology.,Jobs – IT
Remote Systems Administrator position available. Must have hands-on experience with Node.js and Windows Server. You will provide IT support to end users and work with the cloud team.,Jobs – IT
"Hiring a Cybersecurity Analyst for our technology team. Opportunity to learn, grow and work on real-world projects.",Jobs – IT
"Seeking a Cloud Engineer to design, build and maintain Python systems. You will work closely with security teams on implement security best practices. Must be proficient in Active Directory. Remote-friendly position.",Jobs – IT
"Systems Administrator needed for a fast-growing tech company. Must have strong knowledge of .NET, MongoDB, and Agile methodology. You will be responsible for perform security audits, monitor system performance and uptime, and develop internal tools and dashboards.",Jobs – IT
We are hiring a Site Reliability Engineer to join our data team. The ideal candidate has 4 years of experience with SQL and Active Directory. Responsibilities include maintain server infrastructure and implement security best practices. AWS Certified Solutions Architect certification is a plus.,Jobs – IT
Remote Backend Developer position available. Must have hands-on experience with SQL and TCP/IP. You will design database schemas and work with the infrastructure team.,Jobs – IT
"Seeking a Machine Learning Engineer to design, build and maintain firewalls systems. You will work closely with data teams on collaborate with cross-functional teams. Must be proficient in REST APIs. Remote-friendly position.",Jobs – IT
"Seeking a Cybersecurity Analyst to design, build and maintain Linux systems. You will work closely with cloud teams on monitor system performance and uptime. Must be proficient in Active Directory. Remote-friendly position.",Jobs – IT
"We are expanding our infrastructure team and need a Android Developer. Daily tasks: implement security best practices, develop and deploy web applications, develop internal tools and dashboards. Stack: .NET, PostgreSQL.",Jobs – IT
Join our engineering team as a Backend Developer. We need someone experienced in Azure to handle collaborate with cross-functional teams and perform security audits. Experience with bash scripting and cybersecurity best practices is required.,Jobs – IT
Join our data team as a Systems Administrator. We need someone experienced in SQL to handle provide IT support to end users and implement security best practices. Experience with TCP/IP and monitoring tools is required.,Jobs – IT
Data Engineer needed for a growing startup. Entry-level applicants welcome. Training provided.,Jobs – IT
"Hiring a IT Support Specialist for our technology team. Opportunity to learn, grow and work on real-world projects.",Jobs – IT
"ServerPro Solutions is looking for a Cybersecurity Analyst. Key responsibilities: automate deployment pipelines, monitor system performance and uptime. Required skills: Swift, Active Directory, containerization. Competitive salary and benefits.",Jobs – IT
"Hiring a Backend Developer for our technology team. Opportunity to learn, grow and work on real-world projects.",Jobs – IT
"Data Engineer role: 7 years of experience with Android required. Responsibilities include implement security best practices, collaborate with cross-functional teams. Knowledge of Active Directory and load balancers is a strong plus.",Jobs – IT
"Looking for a skilled Backend Developer. You will be troubleshooting and maintaining computer systems, networks and servers. Experience with Android and PostgreSQL required.",Jobs – IT
"Looking for a skilled Data Analyst. You will be troubleshooting and maintaining computer systems, networks and servers. Experience with SQL and CI/CD pipelines required.",Jobs – IT
"We are expanding our engineering team and need a iOS Developer. Daily tasks: develop and deploy web applications, maintain server infrastructure, troubleshoot and resolve network issues. Stack: React Native, cloud services.",Jobs – IT
Junior Software Engineer position available. Ideal for someone looking to start a career in technology.,Jobs – IT
"CloudSystems Inc. is looking for a DevOps Engineer. Key responsibilities: perform security audits, configure and manage firewalls. Required skills: React, REST APIs, Agile methodology. Competitive salary and benefits.",Jobs – IT
"Looking for a skilled Data Analyst. You will be troubleshooting and maintaining computer systems, networks and servers. Experience with AWS and VMware required.",Jobs – IT
"TechCorp is looking for a Cloud Engineer. Key responsibilities: implement security best practices, maintain server infrastructure. Required skills: Azure, bash scripting, cybersecurity best practices. Competitive salary and benefits.",Jobs – IT
We are hiring a Software Engineer to join our infrastructure team. The ideal candidate has 2 years of experience with firewalls and Windows Server. Responsibilities include develop internal tools and dashboards and develop and deploy web applications. PMP certification is a plus.,Jobs – IT
"Data Analyst role: 7 years of experience with Ansible required. Responsibilities include write clean and maintainable code, collaborate with cross-functional teams. Knowledge of PostgreSQL and containerization is a strong plus.",Jobs – IT
"Looking for a skilled Backend Developer. You will be troubleshooting and maintaining computer systems, networks and servers. Experience with Azure and TCP/IP required.",Jobs – IT
"We need a Backend Developer to support our IT infrastructure. Tasks include maintain server infrastructure, automate deployment pipelines, and ensuring uptime of Node.js systems. AWS Certified Solutions Architect preferred.",Jobs – IT
Join our platform team as a Data Engineer. We need someone experienced in Node.js to handle design database schemas and perform security audits. Experience with bash scripting and microservices is required.,Jobs – IT
Junior Web Developer position available. Ideal for someone looking to start a career in technology.,Jobs – IT
Data Analyst needed for a growing startup. Entry-level applicants welcome. Training provided.,Jobs – IT
Join our infrastructure team as a Infrastructure Engineer. We need someone experienced in firewalls to handle implement security best practices and manage cloud resources and costs. Experience with CI/CD pipelines and microservices is required.,Jobs – IT
"Machine Learning Engineer role: 4 years of experience with networking protocols required. Responsibilities include maintain server infrastructure, automate deployment pipelines. Knowledge of REST APIs and monitoring tools is a strong plus.",Jobs – IT
"Seeking a Mobile App Developer to design, build and maintain Ansible systems. You will work closely with platform teams on write clean and maintainable code. Must be proficient in cloud services. Remote-friendly position.",Jobs – IT
"Hiring a Site Reliability Engineer for our technology team. Opportunity to learn, grow and work on real-world projects.",Jobs – IT
"Hiring a Mobile App Developer for our technology team. Opportunity to learn, grow and work on real-world projects.",Jobs – IT
"Hiring a Network Administrator for our technology team. Opportunity to learn, grow and work on real-world projects.",Jobs – IT
Junior Data Analyst position available. Ideal for someone looking to start a career in technology.,Jobs – IT
"Full Stack Developer role: 4 years of experience with React required. Responsibilities include collaborate with cross-functional teams, conduct code reviews. Knowledge of Git and Agile methodology is a strong plus.",Jobs – IT
"Seeking a QA Engineer to design, build and maintain Linux systems. You will work closely with engineering teams on troubleshoot and resolve network issues. Must be proficient in REST APIs. Remote-friendly position.",Jobs – IT
Join our cloud team as a Site Reliability Engineer. We need someone experienced in Flutter to handle provide IT support to end users and provide IT support to end users. Experience with cloud services and Agile methodology is required.,Jobs – IT
We are hiring a Backend Developer to join our infrastructure team. The ideal candidate has 7 years of experience with networking protocols and Git. Responsibilities include develop internal tools and dashboards and conduct code reviews. PMP certification is a plus.,Jobs – IT
"Seeking a Full Stack Developer to design, build and maintain Docker systems. You will work closely with security teams on conduct code reviews. Must be proficient in bash scripting. Remote-friendly position.",Jobs – IT
"We need a Python Developer to support our IT infrastructure. Tasks include manage cloud resources and costs, manage cloud resources and costs, and ensuring uptime of .NET systems. CompTIA Security+ preferred.",Jobs – IT
"We are expanding our platform team and need a iOS Developer. Daily tasks: collaborate with cross-functional teams, develop internal tools and dashboards, automate deployment pipelines. Stack: Flutter, MongoDB.",Jobs – IT
"Seeking a Systems Administrator to design, build and maintain Ansible systems. You will work closely with security teams on develop internal tools and dashboards. Must be proficient in PostgreSQL. Remote-friendly position.",Jobs – IT
"We need a Data Analyst to support our IT infrastructure. Tasks include develop internal tools and dashboards, provide IT support to end users, and ensuring uptime of iOS systems. CCNA preferred.",Jobs – IT
"Looking for a skilled Cloud Engineer. You will be troubleshooting and maintaining computer systems, networks and servers. Experience with Kotlin and PostgreSQL required.",Jobs – IT
"Hiring a IT Help Desk Technician for our technology team. Opportunity to learn, grow and work on real-world projects.",Jobs – IT
"Cybersecurity Specialist role: 8 years of experience with SQL required. Responsibilities include perform security audits, develop internal tools and dashboards. Knowledge of bash scripting and load balancers is a strong plus.",Jobs – IT
"IT Support Specialist needed for a fast-growing tech company. Must have strong knowledge of .NET, bash scripting, and Agile methodology. You will be responsible for implement security best practices, implement security best practices, and perform security audits.",Jobs – IT
"We are expanding our DevOps team and need a Network Administrator. Daily tasks: develop and deploy web applications, design database schemas, troubleshoot and resolve network issues. Stack: firewalls, TCP/IP.",Jobs – IT
Join our infrastructure team as a iOS Developer. We need someone experienced in Android to handle perform security audits and develop internal tools and dashboards. Experience with VMware and Agile methodology is required.,Jobs – IT
"CloudSystems Inc. is looking for a Data Analyst. Key responsibilities: develop and deploy web applications, provide IT support to end users. Required skills: C#, CI/CD pipelines, Agile methodology. Competitive salary and benefits.",Jobs – IT
"Database Administrator role: 4 years of experience with React Native required. Responsibilities include maintain server infrastructure, perform security audits. Knowledge of Active Directory and monitoring tools is a strong plus.",Jobs – IT
"Cybersecurity Specialist needed for a fast-growing tech company. Must have strong knowledge of Flutter, VMware, and cybersecurity best practices. You will be responsible for perform security audits, develop and deploy web applications, and implement security best practices.",Jobs – IT
Join our platform team as a Python Developer. We need someone experienced in Docker to handle implement security best practices and implement security best practices. Experience with Active Directory and containerization is required.,Jobs – IT
Junior Software Engineer position available. Ideal for someone looking to start a career in technology.,Jobs – IT
Mobile App Developer needed for a growing startup. Entry-level applicants welcome. Training provided.,Jobs – IT
Backend Developer needed for a growing startup. Entry-level applicants welcome. Training provided.,Jobs – IT
Join our data team as a IT Support Specialist. We need someone experienced in .NET to handle implement security best practices and troubleshoot and resolve network issues. Experience with MongoDB and Agile methodology is required.,Jobs – IT
Junior Machine Learning Engineer position available. Ideal for someone looking to start a career in technology.,Jobs – IT
"Hiring a Mobile App Developer for our technology team. Opportunity to learn, grow and work on real-world projects.",Jobs – IT
"Looking for a skilled Software Engineer. You will be troubleshooting and maintaining computer systems, networks and servers. Experience with Azure and REST APIs required.",Jobs – IT
"Backend Developer role: 6 years of experience with Kotlin required. Responsibilities include troubleshoot and resolve network issues, collaborate with cross-functional teams. Knowledge of VMware and cybersecurity best practices is a strong plus.",Jobs – IT
"Full Stack Developer needed for a fast-growing tech company. Must have strong knowledge of Kubernetes, PostgreSQL, and load balancers. You will be responsible for implement security best practices, automate deployment pipelines, and implement security best practices.",Jobs – IT
Data Engineer needed for a growing startup. Entry-level applicants welcome. Training provided.,Jobs – IT
We are hiring a Database Administrator to join our engineering team. The ideal candidate has 5 years of experience with AWS and MongoDB. Responsibilities include monitor system performance and uptime and provide IT support to end users. CompTIA Security+ certification is a plus.,Jobs – IT
We are hiring a Network Administrator to join our infrastructure team. The ideal candidate has 7 years of experience with Node.js and REST APIs. Responsibilities include conduct code reviews and maintain server infrastructure. PMP certification is a plus.,Jobs – IT
Remote IT Help Desk Technician position available. Must have hands-on experience with AWS and cloud services. You will collaborate with cross-functional teams and work with the data team.,Jobs – IT
"QA Engineer needed for a fast-growing tech company. Must have strong knowledge of networking protocols, VMware, and containerization. You will be responsible for write clean and maintainable code, conduct code reviews, and manage cloud resources and costs.",Jobs – IT
"Data Analyst needed for a fast-growing tech company. Must have strong knowledge of AWS, cloud services, and containerization. You will be responsible for configure and manage firewalls, automate deployment pipelines, and collaborate with cross-functional teams.",Jobs – IT
"Full Stack Developer role: 5 years of experience with Android required. Responsibilities include monitor system performance and uptime, conduct code reviews. Knowledge of Active Directory and monitoring tools is a strong plus.",Jobs – IT
Remote Data Engineer position available. Must have hands-on experience with Java and TCP/IP. You will develop internal tools and dashboards and work with the engineering team.,Jobs – IT
"Seeking a QA Engineer to design, build and maintain Kubernetes systems. You will work closely with infrastructure teams on troubleshoot and resolve network issues. Must be proficient in PostgreSQL. Remote-friendly position.",Jobs – IT
Join our infrastructure team as a Android Developer. We need someone experienced in Kotlin to handle develop internal tools and dashboards and implement security best practices. Experience with MongoDB and containerization is required.,Jobs – IT
"Seeking a Site Reliability Engineer to design, build and maintain iOS systems. You will work closely with platform teams on automate deployment pipelines. Must be proficient in Windows Server. Remote-friendly position.",Jobs – IT
"Hiring a Data Analyst for our technology team. Opportunity to learn, grow and work on real-world projects.",Jobs – IT
"Seeking a Mobile App Developer to design, build and maintain Node.js systems. You will work closely with DevOps teams on develop internal tools and dashboards. Must be proficient in TCP/IP. Remote-friendly position.",Jobs – IT
"We are expanding our security team and need a iOS Developer. Daily tasks: develop and deploy web applications, provide IT support to end users, provide IT support to end users. Stack: Docker, MongoDB.",Jobs – IT
We are hiring a Site Reliability Engineer to join our cloud team. The ideal candidate has 7 years of experience with SQL and CI/CD pipelines. Responsibilities include design database schemas and develop internal tools and dashboards. CCNA certification is a plus.,Jobs – IT
"ServerPro Solutions is looking for a Data Engineer. Key responsibilities: conduct code reviews, write clean and maintainable code. Required skills: firewalls, cloud services, Agile methodology. Competitive salary and benefits.",Jobs – IT
"Hiring a Cybersecurity Analyst for our technology team. Opportunity to learn, grow and work on real-world projects.",Jobs – IT
Junior IT Help Desk Technician position available. Ideal for someone looking to start a career in technology.,Jobs – IT
"Infrastructure Engineer needed for a fast-growing tech company. Must have strong knowledge of Docker, PostgreSQL, and microservices. You will be responsible for conduct code reviews, troubleshoot and resolve network issues, and write clean and maintainable code.",Jobs – IT
We are hiring a Database Administrator to join our data team. The ideal candidate has 3 years of experience with React and Windows Server. Responsibilities include automate deployment pipelines and collaborate with cross-functional teams. AWS Certified Solutions Architect certification is a plus.,Jobs – IT
Join our security team as a Database Administrator. We need someone experienced in networking protocols to handle provide IT support to end users and automate deployment pipelines. Experience with Git and load balancers is required.,Jobs – IT
"Looking for a skilled Cybersecurity Specialist. You will be troubleshooting and maintaining computer systems, networks and servers. Experience with AWS and MongoDB required.",Jobs – IT
Join our infrastructure team as a Android Developer. We need someone experienced in Kubernetes to handle collaborate with cross-functional teams and automate deployment pipelines. Experience with MongoDB and cybersecurity best practices is required.,Jobs – IT
Remote DevOps Engineer position available. Must have hands-on experience with Kotlin and CI/CD pipelines. You will manage cloud resources and costs and work with the data team.,Jobs – IT
"We need a Site Reliability Engineer to support our IT infrastructure. Tasks include design database schemas, manage cloud resources and costs, and ensuring uptime of networking protocols systems. Google Cloud Professional preferred.",Jobs – IT
"We are expanding our engineering team and need a Frontend Developer. Daily tasks: monitor system performance and uptime, provide IT support to end users, provide IT support to end users. Stack: React Native, Windows Server.",Jobs – IT
Frontend Developer needed for a growing startup. Entry-level applicants welcome. Training provided.,Jobs – IT
Join our platform team as a DevOps Engineer. We need someone experienced in SQL to handle collaborate with cross-functional teams and monitor system performance and uptime. Experience with CI/CD pipelines and monitoring tools is required.,Jobs – IT
Junior Software Engineer position available. Ideal for someone looking to start a career in technology.,Jobs – IT
"InfraNet is looking for a Cybersecurity Specialist. Key responsibilities: configure and manage firewalls, design database schemas. Required skills: React Native, TCP/IP, cybersecurity best practices. Competitive salary and benefits.",Jobs – IT
"Data Engineer role: 3 years of experience with React Native required. Responsibilities include manage cloud resources and costs, maintain server infrastructure. Knowledge of TCP/IP and microservices is a strong plus.",Jobs – IT
Junior Web Developer position available. Ideal for someone looking to start a career in technology.,Jobs – IT
"We need a Cybersecurity Analyst to support our IT infrastructure. Tasks include conduct code reviews, maintain server infrastructure, and ensuring uptime of Swift systems. AWS Certified Solutions Architect preferred.",Jobs – IT
Remote Network Administrator position available. Must have hands-on experience with React Native and Active Directory. You will manage cloud resources and costs and work with the platform team.,Jobs – IT
"Network Administrator needed for a fast-growing tech company. Must have strong knowledge of Swift, VMware, and microservices. You will be responsible for perform security audits, conduct code reviews, and implement security best practices.",Jobs – IT
Remote Cybersecurity Analyst position available. Must have hands-on experience with C# and cloud services. You will troubleshoot and resolve network issues and work with the data team.,Jobs – IT
"We are expanding our security team and need a Cloud Engineer. Daily tasks: collaborate with cross-functional teams, monitor system performance and uptime, collaborate with cross-functional teams. Stack: AWS, Git.",Jobs – IT
Remote Site Reliability Engineer position available. Must have hands-on experience with iOS and PostgreSQL. You will perform security audits and work with the engineering team.,Jobs – IT
We are hiring a Python Developer to join our engineering team. The ideal candidate has 7 years of experience with SQL and PostgreSQL. Responsibilities include develop internal tools and dashboards and perform security audits. CompTIA Security+ certification is a plus.,Jobs – IT
"We need a Infrastructure Engineer to support our IT infrastructure. Tasks include manage cloud resources and costs, manage cloud resources and costs, and ensuring uptime of Docker systems. Certified Ethical Hacker (CEH) preferred.",Jobs – IT
"We need a Python Developer to support our IT infrastructure. Tasks include develop and deploy web applications, develop internal tools and dashboards, and ensuring uptime of firewalls systems. PMP preferred.",Jobs – IT
We are hiring a IT Support Specialist to join our infrastructure team. The ideal candidate has 7 years of experience with Linux and PostgreSQL. Responsibilities include troubleshoot and resolve network issues and provide IT support to end users. CompTIA Security+ certification is a plus.,Jobs – IT
"TechCorp is looking for a Data Analyst. Key responsibilities: manage cloud resources and costs, configure and manage firewalls. Required skills: Java, Active Directory, cybersecurity best practices. Competitive salary and benefits.",Jobs – IT
"We are expanding our data team and need a Full Stack Developer. Daily tasks: implement security best practices, maintain server infrastructure, collaborate with cross-functional teams. Stack: Flutter, CI/CD pipelines.",Jobs – IT
"Seeking a Web Developer to design, build and maintain Linux systems. You will work closely with cloud teams on monitor system performance and uptime. Must be proficient in PostgreSQL. Remote-friendly position.",Jobs – IT
Frontend Developer needed for a growing startup. Entry-level applicants welcome. Training provided.,Jobs – IT
"Cybersecurity Specialist role: 2 years of experience with Node.js required. Responsibilities include design database schemas, write clean and maintainable code. Knowledge of REST APIs and Agile methodology is a strong plus.",Jobs – IT
"Network Administrator role: 7 years of experience with Ansible required. Responsibilities include troubleshoot and resolve network issues, automate deployment pipelines. Knowledge of MongoDB and microservices is a strong plus.",Jobs – IT
"Nexus Technologies is looking for a IT Support Specialist. Key responsibilities: conduct code reviews, provide IT support to end users. Required skills: React Native, REST APIs, Agile methodology. Competitive salary and benefits.",Jobs – IT
"Seeking a Infrastructure Engineer to design, build and maintain Azure systems. You will work closely with engineering teams on write clean and maintainable code. Must be proficient in MongoDB. Remote-friendly position.",Jobs – IT
We are hiring a Frontend Developer to join our DevOps team. The ideal candidate has 3 years of experience with Java and MongoDB. Responsibilities include configure and manage firewalls and monitor system performance and uptime. CompTIA A+ certification is a plus.,Jobs – IT
"Seeking a Full Stack Developer to design, build and maintain Linux systems. You will work closely with engineering teams on develop and deploy web applications. Must be proficient in cloud services. Remote-friendly position.",Jobs – IT
Junior Backend Developer position available. Ideal for someone looking to start a career in technology.,Jobs – IT
Junior IT Help Desk Technician position available. Ideal for someone looking to start a career in technology.,Jobs – IT
"Seeking a Machine Learning Engineer to design, build and maintain Swift systems. You will work closely with platform teams on develop and deploy web applications. Must be proficient in cloud services. Remote-friendly position.",Jobs – IT
"We are expanding our DevOps team and need a Software Engineer. Daily tasks: maintain server infrastructure, develop internal tools and dashboards, collaborate with cross-functional teams. Stack: Linux, VMware.",Jobs – IT
"Seeking a Systems Administrator to design, build and maintain Python systems. You will work closely with data teams on configure and manage firewalls. Must be proficient in cloud services. Remote-friendly position.",Jobs – IT
Cybersecurity Analyst needed for a growing startup. Entry-level applicants welcome. Training provided.,Jobs – IT
Python Developer needed for a growing startup. Entry-level applicants welcome. Training provided.,Jobs – IT
Remote Cloud Engineer position available. Must have hands-on experience with firewalls and Windows Server. You will perform security audits and work with the engineering team.,Jobs – IT
"Android Developer role: 5 years of experience with SQL required. Responsibilities include design database schemas, configure and manage firewalls. Knowledge of REST APIs and load balancers is a strong plus.",Jobs – IT
Remote QA Engineer position available. Must have hands-on experience with firewalls and cloud services. You will maintain server infrastructure and work with the cloud team.,Jobs – IT
"Seeking a iOS Developer to design, build and maintain Node.js systems. You will work closely with platform teams on write clean and maintainable code. Must be proficient in TCP/IP. Remote-friendly position.",Jobs – IT
Financial Insurance Agent position available. Experience in regulatory compliance and wealth management required. Must have 9 years in banking sector.,Banking
Financial Bookkeeper position available. Experience in investment portfolios and mortgage underwriting required. Must have 3 years in banking sector.,Banking
"Join our investment team as a Risk Manager. You will be responsible for analyze financial statements, advise clients on investment strategies, and portfolio management.",Banking
Pacific Trust is expanding. We need a Bank Teller to assist clients with investment portfolios needs and process banking transactions.,Banking
"Bookkeeper needed at a leading financial institution. Duties: prepare financial reports, analyze financial statements. Must understand mortgage underwriting regulations.",Banking
"Looking for an experienced Financial Analyst with knowledge of wealth management. You will conduct risk assessments, analyze financial statements. Strong analytical skills required.",Banking
"Looking for an experienced Bookkeeper with knowledge of credit risk analysis. You will conduct risk assessments, conduct risk assessments. Strong analytical skills required.",Banking
Capitol Federal is expanding. We need a Accountant to assist clients with tax preparation needs and manage client accounts.,Banking
"Looking for an experienced Financial Advisor with knowledge of tax preparation. You will manage client accounts, develop budgets and forecasts. Strong analytical skills required.",Banking
"Credit Analyst needed at a leading financial institution. Duties: advise clients on investment strategies, develop budgets and forecasts. Must understand regulatory compliance regulations.",Banking
Financial Bookkeeper position available. Experience in financial reporting and insurance products required. Must have 10 years in banking sector.,Banking
"Join our lending team as a Tax Consultant. You will be responsible for process banking transactions, advise clients on investment strategies, and portfolio management.",Banking
We are seeking a Credit Analyst to join our retail banking department. Ideal candidate has 6 years of experience in tax preparation and financial planning. CFP certification preferred.,Banking
We are seeking a Investment Banker to join our lending department. Ideal candidate has 10 years of experience in investment portfolios and wealth management. Series 63 certification preferred.,Banking
"Join our lending team as a Bookkeeper. You will be responsible for manage client accounts, develop budgets and forecasts, and portfolio management.",Banking
We are seeking a Bookkeeper to join our retail banking department. Ideal candidate has 9 years of experience in investment portfolios and regulatory compliance. NMLS certification preferred.,Banking
"Branch Manager needed at a leading financial institution. Duties: prepare financial reports, advise clients on investment strategies. Must understand financial reporting regulations.",Banking
First National Bank Bank is hiring a Accountant. Responsibilities include advise clients on investment strategies and advise clients on investment strategies. CPA or CFP certification is a plus.,Banking
"Join our compliance team as a Loan Officer. You will be responsible for manage client accounts, conduct risk assessments, and portfolio management.",Banking
"Join our risk management team as a Financial Analyst. You will be responsible for develop budgets and forecasts, review mortgage applications, and portfolio management.",Banking
Capitol Federal Bank is hiring a Branch Manager. Responsibilities include process banking transactions and prepare financial reports. CPA or CFP certification is a plus.,Banking
"Tax Consultant needed at a leading financial institution. Duties: ensure regulatory compliance, review mortgage applications. Must understand regulatory compliance regulations.",Banking
"Experienced Risk Manager sought for our growing bank. Key skills: regulatory compliance, financial reporting. Responsibilities include review mortgage applications.",Banking
"Loan Officer needed at a leading financial institution. Duties: ensure regulatory compliance, develop budgets and forecasts. Must understand credit risk analysis regulations.",Banking
"Join our investment team as a Loan Officer. You will be responsible for analyze financial statements, assess creditworthiness of loan applicants, and portfolio management.",Banking
"Investment Banker needed at a leading financial institution. Duties: develop budgets and forecasts, assess creditworthiness of loan applicants. Must understand financial planning regulations.",Banking
Liberty Savings Bank is hiring a Credit Analyst. Responsibilities include review mortgage applications and develop budgets and forecasts. CPA or CFP certification is a plus.,Banking
First National Bank is expanding. We need a Underwriter to assist clients with mortgage underwriting needs and manage client accounts.,Banking
Heritage Financial Bank is hiring a Loan Officer. Responsibilities include review mortgage applications and ensure regulatory compliance. CPA or CFP certification is a plus.,Banking
Liberty Savings is expanding. We need a Financial Analyst to assist clients with regulatory compliance needs and process banking transactions.,Banking
We are seeking a Underwriter to join our risk management department. Ideal candidate has 3 years of experience in insurance products and mortgage underwriting. Series 63 certification preferred.,Banking
Liberty Savings Bank is hiring a Mortgage Specialist. Responsibilities include process banking transactions and process banking transactions. CPA or CFP certification is a plus.,Banking
We are seeking a Financial Analyst to join our risk management department. Ideal candidate has 5 years of experience in financial planning and loan origination. NMLS certification preferred.,Banking
"Looking for an experienced Mortgage Specialist with knowledge of mortgage underwriting. You will develop budgets and forecasts, advise clients on investment strategies. Strong analytical skills required.",Banking
We are seeking a Loan Officer to join our risk management department. Ideal candidate has 8 years of experience in wealth management and wealth management. CFP certification preferred.,Banking
Financial Credit Analyst position available. Experience in financial planning and financial planning required. Must have 10 years in banking sector.,Banking
"Join our retail banking team as a Credit Analyst. You will be responsible for develop budgets and forecasts, prepare financial reports, and portfolio management.",Banking
First National Bank Bank is hiring a Mortgage Specialist. Responsibilities include advise clients on investment strategies and review mortgage applications. CPA or CFP certification is a plus.,Banking
"Join our retail banking team as a Compliance Officer. You will be responsible for manage client accounts, conduct risk assessments, and portfolio management.",Banking
"Join our retail banking team as a Bookkeeper. You will be responsible for advise clients on investment strategies, assess creditworthiness of loan applicants, and portfolio management.",Banking
"Branch Manager needed at a leading financial institution. Duties: advise clients on investment strategies, manage client accounts. Must understand tax preparation regulations.",Banking
"Experienced Financial Analyst sought for our growing bank. Key skills: wealth management, credit risk analysis. Responsibilities include advise clients on investment strategies.",Banking
"Join our risk management team as a Insurance Agent. You will be responsible for prepare financial reports, assess creditworthiness of loan applicants, and portfolio management.",Banking
We are seeking a Insurance Agent to join our risk management department. Ideal candidate has 8 years of experience in insurance products and investment portfolios. CFA certification preferred.,Banking
"Experienced Underwriter sought for our growing bank. Key skills: investment portfolios, insurance products. Responsibilities include ensure regulatory compliance.",Banking
Pacific Trust Bank is hiring a Accountant. Responsibilities include advise clients on investment strategies and develop budgets and forecasts. CPA or CFP certification is a plus.,Banking
"Experienced Financial Advisor sought for our growing bank. Key skills: financial reporting, regulatory compliance. Responsibilities include assess creditworthiness of loan applicants.",Banking
"Bank Teller needed at a leading financial institution. Duties: develop budgets and forecasts, manage client accounts. Must understand mortgage underwriting regulations.",Banking
"Experienced Tax Consultant sought for our growing bank. Key skills: regulatory compliance, credit risk analysis. Responsibilities include develop budgets and forecasts.",Banking
"Join our risk management team as a Compliance Officer. You will be responsible for manage client accounts, conduct risk assessments, and portfolio management.",Banking
Pacific Trust Bank is hiring a Risk Manager. Responsibilities include manage client accounts and manage client accounts. CPA or CFP certification is a plus.,Banking
"Experienced Tax Consultant sought for our growing bank. Key skills: financial planning, financial reporting. Responsibilities include advise clients on investment strategies.",Banking
"Join our retail banking team as a Credit Analyst. You will be responsible for prepare financial reports, review mortgage applications, and portfolio management.",Banking
Financial Bookkeeper position available. Experience in financial reporting and investment portfolios required. Must have 9 years in banking sector.,Banking
Heritage Financial is expanding. We need a Loan Officer to assist clients with insurance products needs and advise clients on investment strategies.,Banking
We are seeking a Tax Consultant to join our retail banking department. Ideal candidate has 2 years of experience in financial planning and tax preparation. Series 7 certification preferred.,Banking
We are seeking a Tax Consultant to join our accounting department. Ideal candidate has 6 years of experience in credit risk analysis and investment portfolios. Series 7 certification preferred.,Banking
"Experienced Financial Advisor sought for our growing bank. Key skills: insurance products, financial planning. Responsibilities include conduct risk assessments.",Banking
"Looking for an experienced Bookkeeper with knowledge of insurance products. You will prepare financial reports, review mortgage applications. Strong analytical skills required.",Banking
First National Bank is expanding. We need a Financial Advisor to assist clients with wealth management needs and process banking transactions.,Banking
Meridian Bank Bank is hiring a Financial Advisor. Responsibilities include prepare financial reports and prepare financial reports. CPA or CFP certification is a plus.,Banking
"Looking for an experienced Tax Consultant with knowledge of loan origination. You will process banking transactions, manage client accounts. Strong analytical skills required.",Banking
Meridian Bank is expanding. We need a Credit Analyst to assist clients with insurance products needs and prepare financial reports.,Banking
"Join our lending team as a Financial Analyst. You will be responsible for process banking transactions, ensure regulatory compliance, and portfolio management.",Banking
We are seeking a Bookkeeper to join our lending department. Ideal candidate has 10 years of experience in credit risk analysis and wealth management. NMLS certification preferred.,Banking
"Bookkeeper needed at a leading financial institution. Duties: process banking transactions, conduct risk assessments. Must understand credit risk analysis regulations.",Banking
"Join our compliance team as a Insurance Agent. You will be responsible for process banking transactions, review mortgage applications, and portfolio management.",Banking
"Experienced Financial Advisor sought for our growing bank. Key skills: financial reporting, tax preparation. Responsibilities include ensure regulatory compliance.",Banking
Heritage Financial is expanding. We need a Bookkeeper to assist clients with investment portfolios needs and advise clients on investment strategies.,Banking
Pacific Trust is expanding. We need a Branch Manager to assist clients with financial planning needs and assess creditworthiness of loan applicants.,Banking
"Experienced Tax Consultant sought for our growing bank. Key skills: credit risk analysis, tax preparation. Responsibilities include review mortgage applications.",Banking
We are seeking a Bookkeeper to join our compliance department. Ideal candidate has 10 years of experience in tax preparation and insurance products. NMLS certification preferred.,Banking
"Experienced Financial Analyst sought for our growing bank. Key skills: tax preparation, investment portfolios. Responsibilities include assess creditworthiness of loan applicants.",Banking
"Compliance Officer needed at a leading financial institution. Duties: assess creditworthiness of loan applicants, advise clients on investment strategies. Must understand regulatory compliance regulations.",Banking
"Join our investment team as a Branch Manager. You will be responsible for review mortgage applications, develop budgets and forecasts, and portfolio management.",Banking
First National Bank Bank is hiring a Tax Consultant. Responsibilities include manage client accounts and manage client accounts. CPA or CFP certification is a plus.,Banking
"Compliance Officer needed at a leading financial institution. Duties: ensure regulatory compliance, advise clients on investment strategies. Must understand insurance products regulations.",Banking
First National Bank Bank is hiring a Risk Manager. Responsibilities include develop budgets and forecasts and ensure regulatory compliance. CPA or CFP certification is a plus.,Banking
"Join our compliance team as a Bookkeeper. You will be responsible for analyze financial statements, analyze financial statements, and portfolio management.",Banking
We are seeking a Financial Analyst to join our investment department. Ideal candidate has 3 years of experience in loan origination and investment portfolios. Series 7 certification preferred.,Banking
Financial Risk Manager position available. Experience in investment portfolios and tax preparation required. Must have 6 years in banking sector.,Banking
Financial Bank Teller position available. Experience in regulatory compliance and regulatory compliance required. Must have 9 years in banking sector.,Banking
"Looking for an experienced Bookkeeper with knowledge of investment portfolios. You will review mortgage applications, ensure regulatory compliance. Strong analytical skills required.",Banking
"Credit Analyst needed at a leading financial institution. Duties: prepare financial reports, prepare financial reports. Must understand financial planning regulations.",Banking
"Experienced Compliance Officer sought for our growing bank. Key skills: financial reporting, regulatory compliance. Responsibilities include conduct risk assessments.",Banking
"Join our risk management team as a Financial Analyst. You will be responsible for conduct risk assessments, advise clients on investment strategies, and portfolio management.",Banking
Capitol Federal is expanding. We need a Financial Analyst to assist clients with regulatory compliance needs and advise clients on investment strategies.,Banking
"Experienced Investment Banker sought for our growing bank. Key skills: investment portfolios, loan origination. Responsibilities include conduct risk assessments.",Banking
Financial Compliance Officer position available. Experience in tax preparation and investment portfolios required. Must have 10 years in banking sector.,Banking
Financial Investment Banker position available. Experience in investment portfolios and loan origination required. Must have 8 years in banking sector.,Banking
"Join our risk management team as a Financial Analyst. You will be responsible for prepare financial reports, ensure regulatory compliance, and portfolio management.",Banking
Meridian Bank is expanding. We need a Insurance Agent to assist clients with financial planning needs and assess creditworthiness of loan applicants.,Banking
"Experienced Financial Advisor sought for our growing bank. Key skills: regulatory compliance, financial reporting. Responsibilities include ensure regulatory compliance.",Banking
We are seeking a Accountant to join our accounting department. Ideal candidate has 4 years of experience in mortgage underwriting and investment portfolios. NMLS certification preferred.,Banking
Liberty Savings Bank is hiring a Financial Analyst. Responsibilities include develop budgets and forecasts and develop budgets and forecasts. CPA or CFP certification is a plus.,Banking
Financial Loan Officer position available. Experience in insurance products and investment portfolios required. Must have 7 years in banking sector.,Banking
"Looking for an experienced Branch Manager with knowledge of wealth management. You will analyze financial statements, prepare financial reports. Strong analytical skills required.",Banking
"Join our retail banking team as a Financial Analyst. You will be responsible for conduct risk assessments, conduct risk assessments, and portfolio management.",Banking
Heritage Financial Bank is hiring a Bank Teller. Responsibilities include ensure regulatory compliance and ensure regulatory compliance. CPA or CFP certification is a plus.,Banking
Meridian Bank is expanding. We need a Mortgage Specialist to assist clients with financial reporting needs and advise clients on investment strategies.,Banking
"Looking for an experienced Bookkeeper with knowledge of credit risk analysis. You will advise clients on investment strategies, process banking transactions. Strong analytical skills required.",Banking
Meridian Bank Bank is hiring a Bank Teller. Responsibilities include develop budgets and forecasts and prepare financial reports. CPA or CFP certification is a plus.,Banking
"Join our lending team as a Compliance Officer. You will be responsible for review mortgage applications, ensure regulatory compliance, and portfolio management.",Banking
"Looking for an experienced Financial Advisor with knowledge of mortgage underwriting. You will manage client accounts, analyze financial statements. Strong analytical skills required.",Banking
"Join our retail banking team as a Risk Manager. You will be responsible for conduct risk assessments, analyze financial statements, and portfolio management.",Banking
Liberty Savings is expanding. We need a Risk Manager to assist clients with tax preparation needs and analyze financial statements.,Banking
Pacific Trust Bank is hiring a Financial Analyst. Responsibilities include ensure regulatory compliance and assess creditworthiness of loan applicants. CPA or CFP certification is a plus.,Banking
"Looking for an experienced Investment Banker with knowledge of mortgage underwriting. You will analyze financial statements, ensure regulatory compliance. Strong analytical skills required.",Banking
Pacific Trust is expanding. We need a Branch Manager to assist clients with mortgage underwriting needs and manage client accounts.,Banking
Heritage Financial is expanding. We need a Accountant to assist clients with loan origination needs and ensure regulatory compliance.,Banking
"Risk Manager needed at a leading financial institution. Duties: ensure regulatory compliance, process banking transactions. Must understand tax preparation regulations.",Banking
Heritage Financial Bank is hiring a Financial Advisor. Responsibilities include analyze financial statements and ensure regulatory compliance. CPA or CFP certification is a plus.,Banking
"Experienced Credit Analyst sought for our growing bank. Key skills: mortgage underwriting, wealth management. Responsibilities include assess creditworthiness of loan applicants.",Banking
"Join our accounting team as a Mortgage Specialist. You will be responsible for prepare financial reports, advise clients on investment strategies, and portfolio management.",Banking
"Experienced Credit Analyst sought for our growing bank. Key skills: financial reporting, regulatory compliance. Responsibilities include analyze financial statements.",Banking
Heritage Financial Bank is hiring a Insurance Agent. Responsibilities include develop budgets and forecasts and analyze financial statements. CPA or CFP certification is a plus.,Banking
"Tax Consultant needed at a leading financial institution. Duties: process banking transactions, analyze financial statements. Must understand credit risk analysis regulations.",Banking
We are seeking a Credit Analyst to join our accounting department. Ideal candidate has 3 years of experience in wealth management and investment portfolios. NMLS certification preferred.,Banking
"Join our retail banking team as a Tax Consultant. You will be responsible for prepare financial reports, ensure regulatory compliance, and portfolio management.",Banking
"Join our lending team as a Credit Analyst. You will be responsible for process banking transactions, manage client accounts, and portfolio management.",Banking
"Looking for an experienced Branch Manager with knowledge of loan origination. You will assess creditworthiness of loan applicants, assess creditworthiness of loan applicants. Strong analytical skills required.",Banking
"Experienced Bookkeeper sought for our growing bank. Key skills: credit risk analysis, investment portfolios. Responsibilities include advise clients on investment strategies.",Banking
Financial Tax Consultant position available. Experience in regulatory compliance and financial planning required. Must have 2 years in banking sector.,Banking
"Experienced Credit Analyst sought for our growing bank. Key skills: financial reporting, investment portfolios. Responsibilities include assess creditworthiness of loan applicants.",Banking
"Looking for an experienced Mortgage Specialist with knowledge of wealth management. You will develop budgets and forecasts, analyze financial statements. Strong analytical skills required.",Banking
"Looking for an experienced Risk Manager with knowledge of tax preparation. You will develop budgets and forecasts, advise clients on investment strategies. Strong analytical skills required.",Banking
"Looking for an experienced Financial Analyst with knowledge of regulatory compliance. You will assess creditworthiness of loan applicants, develop budgets and forecasts. Strong analytical skills required.",Banking
"Looking for an experienced Tax Consultant with knowledge of insurance products. You will manage client accounts, prepare financial reports. Strong analytical skills required.",Banking
Capitol Federal is expanding. We need a Credit Analyst to assist clients with wealth management needs and conduct risk assessments.,Banking
Pacific Trust is expanding. We need a Underwriter to assist clients with wealth management needs and assess creditworthiness of loan applicants.,Banking
We are seeking a Credit Analyst to join our compliance department. Ideal candidate has 5 years of experience in credit risk analysis and mortgage underwriting. NMLS certification preferred.,Banking
"Experienced Risk Manager sought for our growing bank. Key skills: mortgage underwriting, regulatory compliance. Responsibilities include review mortgage applications.",Banking
Heritage Financial Bank is hiring a Loan Officer. Responsibilities include assess creditworthiness of loan applicants and manage client accounts. CPA or CFP certification is a plus.,Banking
Pacific Trust is expanding. We need a Insurance Agent to assist clients with insurance products needs and develop budgets and forecasts.,Banking
Pacific Trust Bank is hiring a Insurance Agent. Responsibilities include prepare financial reports and review mortgage applications. CPA or CFP certification is a plus.,Banking
Heritage Financial is expanding. We need a Credit Analyst to assist clients with insurance products needs and develop budgets and forecasts.,Banking
Liberty Savings Bank is hiring a Branch Manager. Responsibilities include prepare financial reports and advise clients on investment strategies. CPA or CFP certification is a plus.,Banking
Pacific Trust is expanding. We need a Risk Manager to assist clients with wealth management needs and analyze financial statements.,Banking
Financial Insurance Agent position available. Experience in regulatory compliance and insurance products required. Must have 8 years in banking sector.,Banking
"Accountant needed at a leading financial institution. Duties: analyze financial statements, process banking transactions. Must understand regulatory compliance regulations.",Banking
We are seeking a Mortgage Specialist to join our lending department. Ideal candidate has 10 years of experience in financial planning and tax preparation. CFP certification preferred.,Banking
"Insurance Agent needed at a leading financial institution. Duties: develop budgets and forecasts, conduct risk assessments. Must understand wealth management regulations.",Banking
"Looking for an experienced Bank Teller with knowledge of financial planning. You will ensure regulatory compliance, manage client accounts. Strong analytical skills required.",Banking
"Credit Analyst needed at a leading financial institution. Duties: conduct risk assessments, review mortgage applications. Must understand insurance products regulations.",Banking
Pacific Trust Bank is hiring a Bookkeeper. Responsibilities include prepare financial reports and conduct risk assessments. CPA or CFP certification is a plus.,Banking
"Join our risk management team as a Loan Officer. You will be responsible for manage client accounts, manage client accounts, and portfolio management.",Banking
First National Bank is expanding. We need a Tax Consultant to assist clients with loan origination needs and ensure regulatory compliance.,Banking
Financial Risk Manager position available. Experience in wealth management and investment portfolios required. Must have 7 years in banking sector.,Banking
Capitol Federal is expanding. We need a Financial Analyst to assist clients with credit risk analysis needs and process banking transactions.,Banking
"Looking for an experienced Financial Advisor with knowledge of insurance products. You will develop budgets and forecasts, process banking transactions. Strong analytical skills required.",Banking
Capitol Federal Bank is hiring a Accountant. Responsibilities include develop budgets and forecasts and review mortgage applications. CPA or CFP certification is a plus.,Banking
Capitol Federal is expanding. We need a Underwriter to assist clients with insurance products needs and review mortgage applications.,Banking
"Join our investment team as a Branch Manager. You will be responsible for process banking transactions, manage client accounts, and portfolio management.",Banking
"Investment Banker needed at a leading financial institution. Duties: manage client accounts, conduct risk assessments. Must understand tax preparation regulations.",Banking
"Looking for an experienced Financial Analyst with knowledge of regulatory compliance. You will prepare financial reports, prepare financial reports. Strong analytical skills required.",Banking
We are seeking a Credit Analyst to join our retail banking department. Ideal candidate has 6 years of experience in mortgage underwriting and regulatory compliance. Series 7 certification preferred.,Banking
"Experienced Loan Officer sought for our growing bank. Key skills: investment portfolios, investment portfolios. Responsibilities include develop budgets and forecasts.",Banking
"Experienced Compliance Officer sought for our growing bank. Key skills: loan origination, insurance products. Responsibilities include develop budgets and forecasts.",Banking
"Looking for an experienced Loan Officer with knowledge of mortgage underwriting. You will assess creditworthiness of loan applicants, prepare financial reports. Strong analytical skills required.",Banking
"Join our investment team as a Underwriter. You will be responsible for process banking transactions, review mortgage applications, and portfolio management.",Banking
Pacific Trust Bank is hiring a Tax Consultant. Responsibilities include review mortgage applications and develop budgets and forecasts. CPA or CFP certification is a plus.,Banking
We are seeking a Loan Officer to join our risk management department. Ideal candidate has 6 years of experience in regulatory compliance and financial reporting. CPA certification preferred.,Banking
Financial Underwriter position available. Experience in investment portfolios and wealth management required. Must have 6 years in banking sector.,Banking
"Join our lending team as a Tax Consultant. You will be responsible for advise clients on investment strategies, manage client accounts, and portfolio management.",Banking
"Looking for an experienced Bank Teller with knowledge of insurance products. You will process banking transactions, review mortgage applications. Strong analytical skills required.",Banking
"Looking for an experienced Accountant with knowledge of financial reporting. You will advise clients on investment strategies, review mortgage applications. Strong analytical skills required.",Banking
"Looking for an experienced Compliance Officer with knowledge of financial planning. You will develop budgets and forecasts, advise clients on investment strategies. Strong analytical skills required.",Banking
"Looking for an experienced Underwriter with knowledge of credit risk analysis. You will develop budgets and forecasts, prepare financial reports. Strong analytical skills required.",Banking
Financial Insurance Agent position available. Experience in regulatory compliance and loan origination required. Must have 2 years in banking sector.,Banking
"Join our lending team as a Financial Advisor. You will be responsible for conduct risk assessments, conduct risk assessments, and portfolio management.",Banking
"Compliance Officer needed at a leading financial institution. Duties: analyze financial statements, advise clients on investment strategies. Must understand regulatory compliance regulations.",Banking
"Experienced Bookkeeper sought for our growing bank. Key skills: loan origination, financial reporting. Responsibilities include analyze financial statements.",Banking
"Credit Analyst needed at a leading financial institution. Duties: review mortgage applications, review mortgage applications. Must understand tax preparation regulations.",Banking
Meridian Bank Bank is hiring a Financial Advisor. Responsibilities include review mortgage applications and process banking transactions. CPA or CFP certification is a plus.,Banking
We are seeking a Compliance Officer to join our compliance department. Ideal candidate has 7 years of experience in loan origination and insurance products. Series 63 certification preferred.,Banking
We are seeking a Risk Manager to join our compliance department. Ideal candidate has 9 years of experience in mortgage underwriting and investment portfolios. Series 7 certification preferred.,Banking
We are seeking a Risk Manager to join our risk management department. Ideal candidate has 2 years of experience in investment portfolios and tax preparation. CFA certification preferred.,Banking
"Join our compliance team as a Financial Analyst. You will be responsible for develop budgets and forecasts, advise clients on investment strategies, and portfolio management.",Banking
"Experienced Bank Teller sought for our growing bank. Key skills: financial planning, insurance products. Responsibilities include develop budgets and forecasts.",Banking
Meridian Bank is expanding. We need a Investment Banker to assist clients with financial reporting needs and review mortgage applications.,Banking
"Join our accounting team as a Investment Banker. You will be responsible for prepare financial reports, analyze financial statements, and portfolio management.",Banking
Financial Bank Teller position available. Experience in wealth management and insurance products required. Must have 8 years in banking sector.,Banking
Heritage Financial is expanding. We need a Loan Officer to assist clients with financial planning needs and advise clients on investment strategies.,Banking
"Join our compliance team as a Mortgage Specialist. You will be responsible for advise clients on investment strategies, review mortgage applications, and portfolio management.",Banking
"Join our compliance team as a Loan Officer. You will be responsible for conduct risk assessments, analyze financial statements, and portfolio management.",Banking
"Compliance Officer needed at a leading financial institution. Duties: prepare financial reports, conduct risk assessments. Must understand loan origination regulations.",Banking
We are seeking a Credit Analyst to join our investment department. Ideal candidate has 10 years of experience in investment portfolios and mortgage underwriting. CPA certification preferred.,Banking
Financial Loan Officer position available. Experience in regulatory compliance and credit risk analysis required. Must have 6 years in banking sector.,Banking
"Looking for an experienced Financial Advisor with knowledge of financial planning. You will conduct risk assessments, manage client accounts. Strong analytical skills required.",Banking
Pacific Trust Bank is hiring a Branch Manager. Responsibilities include process banking transactions and develop budgets and forecasts. CPA or CFP certification is a plus.,Banking
"Join our lending team as a Financial Analyst. You will be responsible for process banking transactions, develop budgets and forecasts, and portfolio management.",Banking
"Compliance Officer needed at a leading financial institution. Duties: conduct risk assessments, ensure regulatory compliance. Must understand credit risk analysis regulations.",Banking
Financial Mortgage Specialist position available. Experience in financial planning and insurance products required. Must have 7 years in banking sector.,Banking
"Experienced Financial Analyst sought for our growing bank. Key skills: tax preparation, investment portfolios. Responsibilities include assess creditworthiness of loan applicants.",Banking
"Experienced Underwriter sought for our growing bank. Key skills: insurance products, loan origination. Responsibilities include process banking transactions.",Banking
Financial Risk Manager position available. Experience in investment portfolios and tax preparation required. Must have 2 years in banking sector.,Banking
"Join our investment team as a Risk Manager. You will be responsible for manage client accounts, process banking transactions, and portfolio management.",Banking
We are seeking a Insurance Agent to join our retail banking department. Ideal candidate has 7 years of experience in regulatory compliance and financial reporting. NMLS certification preferred.,Banking
"Looking for an experienced Financial Analyst with knowledge of wealth management. You will analyze financial statements, process banking transactions. Strong analytical skills required.",Banking
We are seeking a Insurance Agent to join our investment department. Ideal candidate has 7 years of experience in wealth management and wealth management. Series 63 certification preferred.,Banking
Financial Branch Manager position available. Experience in tax preparation and mortgage underwriting required. Must have 4 years in banking sector.,Banking
"Looking for an experienced Compliance Officer with knowledge of insurance products. You will ensure regulatory compliance, manage client accounts. Strong analytical skills required.",Banking
We are seeking a Mortgage Specialist to join our lending department. Ideal candidate has 9 years of experience in investment portfolios and regulatory compliance. CFP certification preferred.,Banking
"Join our investment team as a Financial Advisor. You will be responsible for analyze financial statements, develop budgets and forecasts, and portfolio management.",Banking
"Experienced Tax Consultant sought for our growing bank. Key skills: regulatory compliance, financial reporting. Responsibilities include develop budgets and forecasts.",Banking
"Looking for an experienced Branch Manager with knowledge of investment portfolios. You will analyze financial statements, process banking transactions. Strong analytical skills required.",Banking
Pacific Trust Bank is hiring a Loan Officer. Responsibilities include assess creditworthiness of loan applicants and prepare financial reports. CPA or CFP certification is a plus.,Banking
"Join our investment team as a Loan Officer. You will be responsible for review mortgage applications, ensure regulatory compliance, and portfolio management.",Banking
Financial Branch Manager position available. Experience in tax preparation and financial planning required. Must have 3 years in banking sector.,Banking
We are seeking a Compliance Officer to join our risk management department. Ideal candidate has 3 years of experience in investment portfolios and wealth management. CFA certification preferred.,Banking
"Join our investment team as a Financial Advisor. You will be responsible for ensure regulatory compliance, conduct risk assessments, and portfolio management.",Banking
"Experienced Loan Officer sought for our growing bank. Key skills: mortgage underwriting, credit risk analysis. Responsibilities include process banking transactions.",Banking
Heritage Financial is expanding. We need a Accountant to assist clients with insurance products needs and ensure regulatory compliance.,Banking
Meridian Bank Bank is hiring a Tax Consultant. Responsibilities include prepare financial reports and analyze financial statements. CPA or CFP certification is a plus.,Banking
"Experienced Financial Analyst sought for our growing bank. Key skills: insurance products, tax preparation. Responsibilities include manage client accounts.",Banking
Financial Branch Manager position available. Experience in mortgage underwriting and credit risk analysis required. Must have 9 years in banking sector.,Banking
"Experienced Financial Analyst sought for our growing bank. Key skills: insurance products, insurance products. Responsibilities include advise clients on investment strategies.",Banking
Liberty Savings is expanding. We need a Insurance Agent to assist clients with wealth management needs and ensure regulatory compliance.,Banking
Meridian Bank is expanding. We need a Compliance Officer to assist clients with wealth management needs and analyze financial statements.,Banking
Financial Credit Analyst position available. Experience in loan origination and insurance products required. Must have 8 years in banking sector.,Banking
"Financial Advisor needed at a leading financial institution. Duties: prepare financial reports, conduct risk assessments. Must understand insurance products regulations.",Banking
"Experienced Investment Banker sought for our growing bank. Key skills: financial planning, tax preparation. Responsibilities include process banking transactions.",Banking
Capitol Federal Bank is hiring a Underwriter. Responsibilities include prepare financial reports and review mortgage applications. CPA or CFP certification is a plus.,Banking
We are seeking a Branch Manager to join our accounting department. Ideal candidate has 4 years of experience in financial reporting and wealth management. Series 63 certification preferred.,Banking
"Experienced Credit Analyst sought for our growing bank. Key skills: tax preparation, insurance products. Responsibilities include ensure regulatory compliance.",Banking
Financial Bank Teller position available. Experience in loan origination and financial planning required. Must have 10 years in banking sector.,Banking
We are seeking a Loan Officer to join our risk management department. Ideal candidate has 7 years of experience in credit risk analysis and tax preparation. Series 7 certification preferred.,Banking
Pacific Trust is expanding. We need a Underwriter to assist clients with loan origination needs and process banking transactions.,Banking
"Looking for an experienced Financial Analyst with knowledge of loan origination. You will process banking transactions, advise clients on investment strategies. Strong analytical skills required.",Banking
"Looking for an experienced Financial Advisor with knowledge of financial planning. You will process banking transactions, advise clients on investment strategies. Strong analytical skills required.",Banking
"Looking for an experienced Underwriter with knowledge of insurance products. You will analyze financial statements, develop budgets and forecasts. Strong analytical skills required.",Banking
"Experienced Accountant sought for our growing bank. Key skills: loan origination, insurance products. Responsibilities include assess creditworthiness of loan applicants.",Banking
"Bookkeeper needed at a leading financial institution. Duties: manage client accounts, assess creditworthiness of loan applicants. Must understand wealth management regulations.",Banking
"Experienced Bookkeeper sought for our growing bank. Key skills: credit risk analysis, financial planning. Responsibilities include develop budgets and forecasts.",Banking
Capitol Federal Bank is hiring a Risk Manager. Responsibilities include develop budgets and forecasts and conduct risk assessments. CPA or CFP certification is a plus.,Banking
We are seeking a Tax Consultant to join our risk management department. Ideal candidate has 2 years of experience in financial reporting and financial reporting. Series 63 certification preferred.,Banking
Financial Accountant position available. Experience in financial planning and mortgage underwriting required. Must have 6 years in banking sector.,Banking
"Join our compliance team as a Loan Officer. You will be responsible for ensure regulatory compliance, conduct risk assessments, and portfolio management.",Banking
"Join our retail banking team as a Financial Analyst. You will be responsible for ensure regulatory compliance, advise clients on investment strategies, and portfolio management.",Banking
"Join our lending team as a Mortgage Specialist. You will be responsible for conduct risk assessments, advise clients on investment strategies, and portfolio management.",Banking
"Experienced Investment Banker sought for our growing bank. Key skills: financial reporting, financial planning. Responsibilities include develop budgets and forecasts.",Banking
Capitol Federal Bank is hiring a Financial Advisor. Responsibilities include review mortgage applications and analyze financial statements. CPA or CFP certification is a plus.,Banking
"Looking for an experienced Credit Analyst with knowledge of mortgage underwriting. You will prepare financial reports, assess creditworthiness of loan applicants. Strong analytical skills required.",Banking
"Experienced Accountant sought for our growing bank. Key skills: wealth management, investment portfolios. Responsibilities include process banking transactions.",Banking
"Join our compliance team as a Financial Advisor. You will be responsible for process banking transactions, manage client accounts, and portfolio management.",Banking
We are seeking a Bank Teller to join our accounting department. Ideal candidate has 7 years of experience in loan origination and insurance products. CFA certification preferred.,Banking
"Join our investment team as a Branch Manager. You will be responsible for conduct risk assessments, review mortgage applications, and portfolio management.",Banking
Financial Underwriter position available. Experience in wealth management and mortgage underwriting required. Must have 7 years in banking sector.,Banking
Capitol Federal is expanding. We need a Bank Teller to assist clients with regulatory compliance needs and ensure regulatory compliance.,Banking
We are seeking a Loan Officer to join our lending department. Ideal candidate has 2 years of experience in insurance products and investment portfolios. NMLS certification preferred.,Banking
Capitol Federal Bank is hiring a Bank Teller. Responsibilities include prepare financial reports and advise clients on investment strategies. CPA or CFP certification is a plus.,Banking
"Join our lending team as a Financial Analyst. You will be responsible for manage client accounts, ensure regulatory compliance, and portfolio management.",Banking
First National Bank Bank is hiring a Mortgage Specialist. Responsibilities include ensure regulatory compliance and ensure regulatory compliance. CPA or CFP certification is a plus.,Banking
"Experienced Bank Teller sought for our growing bank. Key skills: financial planning, financial reporting. Responsibilities include prepare financial reports.",Banking
Capitol Federal is expanding. We need a Credit Analyst to assist clients with financial reporting needs and prepare financial reports.,Banking
Liberty Savings Bank is hiring a Compliance Officer. Responsibilities include advise clients on investment strategies and assess creditworthiness of loan applicants. CPA or CFP certification is a plus.,Banking
Heritage Financial is expanding. We need a Mortgage Specialist to assist clients with loan origination needs and assess creditworthiness of loan applicants.,Banking
"Experienced Financial Analyst sought for our growing bank. Key skills: wealth management, investment portfolios. Responsibilities include assess creditworthiness of loan applicants.",Banking
"Experienced Bank Teller sought for our growing bank. Key skills: regulatory compliance, tax preparation. Responsibilities include process banking transactions.",Banking
Capitol Federal Bank is hiring a Investment Banker. Responsibilities include review mortgage applications and advise clients on investment strategies. CPA or CFP certification is a plus.,Banking
We are seeking a Accountant to join our retail banking department. Ideal candidate has 6 years of experience in loan origination and credit risk analysis. CPA certification preferred.,Banking
"Experienced Bookkeeper sought for our growing bank. Key skills: investment portfolios, mortgage underwriting. Responsibilities include conduct risk assessments.",Banking
Capitol Federal is expanding. We need a Bank Teller to assist clients with financial reporting needs and analyze financial statements.,Banking
Financial Loan Officer position available. Experience in loan origination and credit risk analysis required. Must have 2 years in banking sector.,Banking
"Looking for an experienced Bookkeeper with knowledge of mortgage underwriting. You will analyze financial statements, assess creditworthiness of loan applicants. Strong analytical skills required.",Banking
We are seeking a Credit Analyst to join our accounting department. Ideal candidate has 4 years of experience in mortgage underwriting and financial planning. CPA certification preferred.,Banking
"Experienced Compliance Officer sought for our growing bank. Key skills: credit risk analysis, credit risk analysis. Responsibilities include analyze financial statements.",Banking
"Bank Teller needed at a leading financial institution. Duties: prepare financial reports, conduct risk assessments. Must understand loan origination regulations.",Banking
"Looking for an experienced Investment Banker with knowledge of regulatory compliance. You will prepare financial reports, ensure regulatory compliance. Strong analytical skills required.",Banking
Liberty Savings is expanding. We need a Financial Advisor to assist clients with financial planning needs and review mortgage applications.,Banking
"Looking for an experienced Bank Teller with knowledge of financial planning. You will analyze financial statements, prepare financial reports. Strong analytical skills required.",Banking
We are seeking a Financial Advisor to join our accounting department. Ideal candidate has 6 years of experience in loan origination and financial reporting. CFP certification preferred.,Banking
"Join our compliance team as a Risk Manager. You will be responsible for assess creditworthiness of loan applicants, conduct risk assessments, and portfolio management.",Banking
"Experienced Compliance Officer sought for our growing bank. Key skills: regulatory compliance, loan origination. Responsibilities include assess creditworthiness of loan applicants.",Banking
"Bank Teller needed at a leading financial institution. Duties: review mortgage applications, analyze financial statements. Must understand wealth management regulations.",Banking
"Mortgage Specialist needed at a leading financial institution. Duties: analyze financial statements, advise clients on investment strategies. Must understand financial planning regulations.",Banking
We are seeking a Loan Officer to join our investment department. Ideal candidate has 6 years of experience in investment portfolios and loan origination. Series 63 certification preferred.,Banking
"Experienced Loan Officer sought for our growing bank. Key skills: wealth management, financial planning. Responsibilities include advise clients on investment strategies.",Banking
Heritage Financial Bank is hiring a Bank Teller. Responsibilities include manage client accounts and process banking transactions. CPA or CFP certification is a plus.,Banking
Financial Credit Analyst position available. Experience in credit risk analysis and investment portfolios required. Must have 5 years in banking sector.,Banking
"Bank Teller needed at a leading financial institution. Duties: advise clients on investment strategies, review mortgage applications. Must understand mortgage underwriting regulations.",Banking
"Experienced Financial Advisor sought for our growing bank. Key skills: financial reporting, investment portfolios. Responsibilities include manage client accounts.",Banking
Financial Financial Advisor position available. Experience in tax preparation and financial planning required. Must have 2 years in banking sector.,Banking
Pacific Trust is expanding. We need a Financial Advisor to assist clients with insurance products needs and conduct risk assessments.,Banking
"Bank Teller needed at a leading financial institution. Duties: analyze financial statements, analyze financial statements. Must understand investment portfolios regulations.",Banking
We are seeking a Bookkeeper to join our accounting department. Ideal candidate has 5 years of experience in investment portfolios and regulatory compliance. CFP certification preferred.,Banking
"Looking for an experienced Tax Consultant with knowledge of mortgage underwriting. You will analyze financial statements, develop budgets and forecasts. Strong analytical skills required.",Banking
Meridian Bank is expanding. We need a Risk Manager to assist clients with financial reporting needs and review mortgage applications.,Banking
We are seeking a Bookkeeper to join our compliance department. Ideal candidate has 5 years of experience in financial planning and regulatory compliance. NMLS certification preferred.,Banking
Meridian Bank Bank is hiring a Loan Officer. Responsibilities include conduct risk assessments and conduct risk assessments. CPA or CFP certification is a plus.,Banking
"Experienced Financial Analyst sought for our growing bank. Key skills: financial planning, regulatory compliance. Responsibilities include analyze financial statements.",Banking
Liberty Savings Bank is hiring a Accountant. Responsibilities include process banking transactions and ensure regulatory compliance. CPA or CFP certification is a plus.,Banking
"Branch Manager needed at a leading financial institution. Duties: manage client accounts, assess creditworthiness of loan applicants. Must understand mortgage underwriting regulations.",Banking
Meridian Bank is expanding. We need a Investment Banker to assist clients with regulatory compliance needs and advise clients on investment strategies.,Banking
Liberty Savings Bank is hiring a Risk Manager. Responsibilities include develop budgets and forecasts and prepare financial reports. CPA or CFP certification is a plus.,Banking
"Experienced Bookkeeper sought for our growing bank. Key skills: investment portfolios, regulatory compliance. Responsibilities include manage client accounts.",Banking
First National Bank is expanding. We need a Mortgage Specialist to assist clients with regulatory compliance needs and analyze financial statements.,Banking
Liberty Savings Bank is hiring a Financial Analyst. Responsibilities include conduct risk assessments and manage client accounts. CPA or CFP certification is a plus.,Banking
Meridian Bank Bank is hiring a Credit Analyst. Responsibilities include ensure regulatory compliance and prepare financial reports. CPA or CFP certification is a plus.,Banking
"Looking for an experienced Mortgage Specialist with knowledge of financial reporting. You will review mortgage applications, develop budgets and forecasts. Strong analytical skills required.",Banking
We are seeking a Mortgage Specialist to join our accounting department. Ideal candidate has 10 years of experience in financial planning and financial reporting. Series 7 certification preferred.,Banking
We are seeking a Mortgage Specialist to join our lending department. Ideal candidate has 2 years of experience in investment portfolios and wealth management. Series 63 certification preferred.,Banking
Financial Underwriter position available. Experience in insurance products and wealth management required. Must have 9 years in banking sector.,Banking
"Join our investment team as a Compliance Officer. You will be responsible for analyze financial statements, manage client accounts, and portfolio management.",Banking
We are seeking a Financial Advisor to join our investment department. Ideal candidate has 9 years of experience in financial planning and insurance products. CFA certification preferred.,Banking
"Looking for an experienced Financial Advisor with knowledge of financial planning. You will prepare financial reports, assess creditworthiness of loan applicants. Strong analytical skills required.",Banking
"Looking for an experienced Financial Analyst with knowledge of investment portfolios. You will assess creditworthiness of loan applicants, manage client accounts. Strong analytical skills required.",Banking
"Looking for an experienced Investment Banker with knowledge of wealth management. You will prepare financial reports, assess creditworthiness of loan applicants. Strong analytical skills required.",Banking
"Experienced Branch Manager sought for our growing bank. Key skills: financial planning, mortgage underwriting. Responsibilities include develop budgets and forecasts.",Banking
"Join our risk management team as a Financial Analyst. You will be responsible for manage client accounts, prepare financial reports, and portfolio management.",Banking
"Experienced Tax Consultant sought for our growing bank. Key skills: credit risk analysis, tax preparation. Responsibilities include assess creditworthiness of loan applicants.",Banking
"Financial Analyst needed at a leading financial institution. Duties: review mortgage applications, conduct risk assessments. Must understand mortgage underwriting regulations.",Banking
"Branch Manager needed at a leading financial institution. Duties: analyze financial statements, prepare financial reports. Must understand credit risk analysis regulations.",Banking
Meridian Bank is expanding. We need a Credit Analyst to assist clients with mortgage underwriting needs and process banking transactions.,Banking
Meridian Bank is expanding. We need a Investment Banker to assist clients with tax preparation needs and manage client accounts.,Banking
Liberty Savings Bank is hiring a Credit Analyst. Responsibilities include advise clients on investment strategies and process banking transactions. CPA or CFP certification is a plus.,Banking
Capitol Federal is expanding. We need a Financial Advisor to assist clients with financial planning needs and ensure regulatory compliance.,Banking
Financial Bank Teller position available. Experience in mortgage underwriting and loan origination required. Must have 3 years in banking sector.,Banking
"Experienced Bookkeeper sought for our growing bank. Key skills: financial planning, loan origination. Responsibilities include ensure regulatory compliance.",Banking
We are seeking a Insurance Agent to join our risk management department. Ideal candidate has 6 years of experience in financial reporting and wealth management. CPA certification preferred.,Banking
We are seeking a Financial Advisor to join our investment department. Ideal candidate has 9 years of experience in credit risk analysis and tax preparation. Series 7 certification preferred.,Banking
"Loan Officer needed at a leading financial institution. Duties: manage client accounts, conduct risk assessments. Must understand credit risk analysis regulations.",Banking
Pacific Trust is expanding. We need a Insurance Agent to assist clients with credit risk analysis needs and develop budgets and forecasts.,Banking
"Join our lending team as a Financial Advisor. You will be responsible for advise clients on investment strategies, manage client accounts, and portfolio management.",Banking
We are seeking a Mortgage Specialist to join our compliance department. Ideal candidate has 7 years of experience in mortgage underwriting and tax preparation. NMLS certification preferred.,Banking
Heritage Financial Bank is hiring a Risk Manager. Responsibilities include advise clients on investment strategies and develop budgets and forecasts. CPA or CFP certification is a plus.,Banking
Financial Insurance Agent position available. Experience in regulatory compliance and credit risk analysis required. Must have 6 years in banking sector.,Banking
"Looking for an experienced Loan Officer with knowledge of regulatory compliance. You will process banking transactions, manage client accounts. Strong analytical skills required.",Banking
Heritage Financial Bank is hiring a Credit Analyst. Responsibilities include conduct risk assessments and develop budgets and forecasts. CPA or CFP certification is a plus.,Banking
Meridian Bank Bank is hiring a Accountant. Responsibilities include analyze financial statements and manage client accounts. CPA or CFP certification is a plus.,Banking
Financial Financial Advisor position available. Experience in regulatory compliance and financial planning required. Must have 10 years in banking sector.,Banking
Heritage Financial Bank is hiring a Credit Analyst. Responsibilities include advise clients on investment strategies and review mortgage applications. CPA or CFP certification is a plus.,Banking
Liberty Savings Bank is hiring a Accountant. Responsibilities include process banking transactions and assess creditworthiness of loan applicants. CPA or CFP certification is a plus.,Banking
Liberty Savings Bank is hiring a Loan Officer. Responsibilities include ensure regulatory compliance and assess creditworthiness of loan applicants. CPA or CFP certification is a plus.,Banking
"Join our lending team as a Underwriter. You will be responsible for conduct risk assessments, review mortgage applications, and portfolio management.",Banking
Financial Loan Officer position available. Experience in insurance products and regulatory compliance required. Must have 6 years in banking sector.,Banking
"Risk Manager needed at a leading financial institution. Duties: develop budgets and forecasts, review mortgage applications. Must understand insurance products regulations.",Banking
"Mortgage Specialist needed at a leading financial institution. Duties: develop budgets and forecasts, analyze financial statements. Must understand credit risk analysis regulations.",Banking
"Looking for an experienced Financial Analyst with knowledge of regulatory compliance. You will process banking transactions, review mortgage applications. Strong analytical skills required.",Banking
"Accountant needed at a leading financial institution. Duties: develop budgets and forecasts, advise clients on investment strategies. Must understand financial reporting regulations.",Banking
Financial Bookkeeper position available. Experience in credit risk analysis and regulatory compliance required. Must have 2 years in banking sector.,Banking
"Join our accounting team as a Financial Analyst. You will be responsible for develop budgets and forecasts, process banking transactions, and portfolio management.",Banking
First National Bank is expanding. We need a Credit Analyst to assist clients with financial planning needs and analyze financial statements.,Banking
"Experienced Risk Manager sought for our growing bank. Key skills: credit risk analysis, financial planning. Responsibilities include process banking transactions.",Banking
Heritage Financial Bank is hiring a Bookkeeper. Responsibilities include review mortgage applications and conduct risk assessments. CPA or CFP certification is a plus.,Banking
Meridian Bank Bank is hiring a Credit Analyst. Responsibilities include conduct risk assessments and ensure regulatory compliance. CPA or CFP certification is a plus.,Banking
Meridian Bank is expanding. We need a Investment Banker to assist clients with financial reporting needs and ensure regulatory compliance.,Banking
Pacific Trust Bank is hiring a Bank Teller. Responsibilities include assess creditworthiness of loan applicants and prepare financial reports. CPA or CFP certification is a plus.,Banking
We are seeking a Insurance Agent to join our compliance department. Ideal candidate has 2 years of experience in financial planning and loan origination. CFP certification preferred.,Banking
"Join our lending team as a Compliance Officer. You will be responsible for analyze financial statements, review mortgage applications, and portfolio management.",Banking
"Experienced Financial Analyst sought for our growing bank. Key skills: regulatory compliance, wealth management. Responsibilities include develop budgets and forecasts.",Banking
First National Bank is expanding. We need a Tax Consultant to assist clients with regulatory compliance needs and analyze financial statements.,Banking
We are seeking a Financial Advisor to join our accounting department. Ideal candidate has 6 years of experience in financial planning and financial reporting. CFA certification preferred.,Banking
First National Bank is expanding. We need a Financial Analyst to assist clients with wealth management needs and conduct risk assessments.,Banking
"Looking for an experienced Risk Manager with knowledge of financial reporting. You will process banking transactions, conduct risk assessments. Strong analytical skills required.",Banking
Financial Branch Manager position available. Experience in mortgage underwriting and insurance products required. Must have 2 years in banking sector.,Banking
Financial Branch Manager position available. Experience in regulatory compliance and loan origination required. Must have 2 years in banking sector.,Banking
Financial Accountant position available. Experience in investment portfolios and investment portfolios required. Must have 5 years in banking sector.,Banking
Pacific Trust Bank is hiring a Insurance Agent. Responsibilities include develop budgets and forecasts and manage client accounts. CPA or CFP certification is a plus.,Banking
"Experienced Underwriter sought for our growing bank. Key skills: loan origination, tax preparation. Responsibilities include assess creditworthiness of loan applicants.",Banking
3 bedroom apartment for rent in Lewisville. $800/month. pet friendly and balcony included. Available 1st of next month.,Rent – Apartment
"Nice 2BR apartment in Lewisville. $1,100. Features: updated kitchen, hardwood floors. 6-month lease, deposit required.",Rent – Apartment
"StudioBD/1BA unit in Richardson complex. $1,100/mo. Amenities: gated community, dishwasher. Renters insurance required.",Rent – Apartment
Loft-style apartment available in Lewisville with gym access and central A/C.,Rent – Apartment
"Furnished Studio-bedroom apartment for rent. Denton area. $1,900/month, utilities included. gym access.",Rent – Apartment
2-bedroom apartment available in Denton. $950/month includes water and trash. balcony. No pets policy.,Rent – Apartment
Modern apartment available in Denton. Features include updated kitchen and gym access. Ideal for tenants seeking a comfortable home.,Rent – Apartment
3-bedroom apartment available in Addison. gym access and pet friendly. Available 30 days notice.,Rent – Apartment
"Nice StudioBR apartment in Irving. $1,100. Features: dishwasher, stainless steel appliances. month-to-month lease, deposit required.",Rent – Apartment
"Studio/1BR for rent in Addison. Great location, $800/mo. gated community, central A/C. Available immediately.",Rent – Apartment
"2-bedroom apartment available in Arlington. $1,400/month includes not included. walk-in closet. No pets policy.",Rent – Apartment
"1-bedroom apartment available in Richardson. $1,900/month includes water only. swimming pool. No pets policy.",Rent – Apartment
Apartment available for occupancy in Uptown Dallas. Includes dishwasher and in-unit washer/dryer. 6-month lease options available.,Rent – Apartment
"Spacious 2BR/1BA apartment in Irving. Rent: $1,900/mo. stainless steel appliances. Utilities all utilities. Call for a tour.",Rent – Apartment
Modern apartment available in Arlington. Features include 24-hr security and hardwood floors. Ideal for tenants seeking a comfortable home.,Rent – Apartment
Loft-style apartment available in Addison with walk-in closet and pet friendly.,Rent – Apartment
"For rent: 3 bed apartment, $1,900/month. Richardson location. gym access and covered parking. Lease term: 6-month.",Rent – Apartment
Ground-floor apartment with on-site laundry and pet friendly. Suitable for families and available 30 days notice.,Rent – Apartment
Ground-floor apartment with pet friendly and dishwasher. Suitable for families and available 1st of next month.,Rent – Apartment
"Studio/1BR for rent in Deep Ellum. Great location, $1,400/mo. hardwood floors, balcony. Available immediately.",Rent – Apartment
"2 bedroom apartment for rent in Deep Ellum. $1,900/month. stainless steel appliances and balcony included. Available 1st of next month.",Rent – Apartment
"For rent: 2 bed apartment, $1,100/month. Uptown Dallas location. stainless steel appliances and updated kitchen. Lease term: 6-month.",Rent – Apartment
Ground-floor apartment with balcony and dishwasher. Suitable for families and available in 2 weeks.,Rent – Apartment
3-bedroom apartment available in Arlington. on-site laundry and pet friendly. Available 1st of next month.,Rent – Apartment
Apartment available for occupancy in Irving. Includes updated kitchen and walk-in closet. 6-month lease options available.,Rent – Apartment
"Spacious 1BR/2BA apartment in Garland. Rent: $1,250/mo. swimming pool. Utilities not included. Call for a tour.",Rent – Apartment
"Studio/1BR for rent in Addison. Great location, $800/mo. swimming pool, gated community. Available immediately.",Rent – Apartment
"Furnished 1-bedroom apartment for rent. Uptown Dallas area. $1,400/month, utilities included. stainless steel appliances.",Rent – Apartment
"1-bedroom apartment available in Irving. $1,400/month includes not included. covered parking. No pets policy.",Rent – Apartment
"For rent: 1 bed apartment, $1,650/month. Uptown Dallas location. on-site laundry and pet friendly. Lease term: 6-month.",Rent – Apartment
"Spacious 1BR/1BA apartment in Richardson. Rent: $1,100/mo. gym access. Utilities not included. Call for a tour.",Rent – Apartment
"Furnished 1-bedroom apartment for rent. Addison area. $1,250/month, utilities included. dishwasher.",Rent – Apartment
"1 bedroom apartment for rent in Addison. $1,100/month. covered parking and stainless steel appliances included. Available immediately.",Rent – Apartment
"2BD/2BA unit in Addison complex. $1,650/mo. Amenities: swimming pool, dishwasher. Renters insurance required.",Rent – Apartment
Ground-floor apartment with central A/C and covered parking. Suitable for families and available 1st of next month.,Rent – Apartment
"StudioBD/1BA unit in Richardson complex. $1,400/mo. Amenities: stainless steel appliances, pet friendly. Renters insurance required.",Rent – Apartment
Apartment available for occupancy in Richardson. Includes pet friendly and swimming pool. 6-month lease options available.,Rent – Apartment
"For rent: 3 bed apartment, $800/month. Richardson location. on-site laundry and pet friendly. Lease term: 12-month.",Rent – Apartment
"2BD/2BA unit in Irving complex. $1,100/mo. Amenities: dishwasher, stainless steel appliances. Renters insurance required.",Rent – Apartment
1-bedroom apartment available in Arlington. pet friendly and balcony. Available 30 days notice.,Rent – Apartment
Studio bedroom apartment for rent in Oak Cliff. $800/month. gym access and swimming pool included. Available 1st of next month.,Rent – Apartment
Ground-floor apartment with updated kitchen and balcony. Suitable for families and available 30 days notice.,Rent – Apartment
"1BD/1BA unit in Garland complex. $800/mo. Amenities: updated kitchen, on-site laundry. Renters insurance required.",Rent – Apartment
"For rent: 2 bed apartment, $800/month. Lewisville location. 24-hr security and hardwood floors. Lease term: 6-month.",Rent – Apartment
"Studio-bedroom apartment available in Uptown Dallas. $1,100/month includes water and trash. walk-in closet. No pets policy.",Rent – Apartment
Modern apartment available in Uptown Dallas. Features include stainless steel appliances and on-site laundry. Ideal for tenants seeking a comfortable home.,Rent – Apartment
"StudioBD/2BA unit in Uptown Dallas complex. $1,650/mo. Amenities: gated community, covered parking. Renters insurance required.",Rent – Apartment
"2-bedroom apartment available in Uptown Dallas. $1,650/month includes water and trash. dishwasher. No pets policy.",Rent – Apartment
Spacious 1BR/1BA apartment in Irving. Rent: $800/mo. balcony. Utilities water and trash. Call for a tour.,Rent – Apartment
"Furnished 2-bedroom apartment for rent. Deep Ellum area. $1,100/month, utilities included. walk-in closet.",Rent – Apartment
Apartment available for occupancy in Garland. Includes central A/C and swimming pool. 6-month lease options available.,Rent – Apartment
"Furnished 3-bedroom apartment for rent. Irving area. $1,900/month, utilities included. updated kitchen.",Rent – Apartment
"Furnished Studio-bedroom apartment for rent. Denton area. $1,100/month, utilities included. gated community.",Rent – Apartment
Apartment available for occupancy in Denton. Includes gated community and 24-hr security. 6-month lease options available.,Rent – Apartment
"Furnished 3-bedroom apartment for rent. Oak Cliff area. $950/month, utilities included. on-site laundry.",Rent – Apartment
"Studio/1BR for rent in Denton. Great location, $800/mo. central A/C, in-unit washer/dryer. Available immediately.",Rent – Apartment
"2BD/2BA unit in Richardson complex. $1,400/mo. Amenities: gated community, 24-hr security. Renters insurance required.",Rent – Apartment
"Spacious 3BR/1BA apartment in Oak Cliff. Rent: $1,900/mo. 24-hr security. Utilities not included. Call for a tour.",Rent – Apartment
"Furnished 2-bedroom apartment for rent. Lewisville area. $1,650/month, utilities included. stainless steel appliances.",Rent – Apartment
Modern apartment available in Addison. Features include walk-in closet and covered parking. Ideal for tenants seeking a comfortable home.,Rent – Apartment
Apartment available for occupancy in Irving. Includes on-site laundry and balcony. 12-month lease options available.,Rent – Apartment
"3BD/2BA unit in Lewisville complex. $1,900/mo. Amenities: 24-hr security, balcony. Renters insurance required.",Rent – Apartment
Loft-style apartment available in Uptown Dallas with covered parking and on-site laundry.,Rent – Apartment
"1 bedroom apartment for rent in Irving. $1,900/month. gym access and updated kitchen included. Available in 2 weeks.",Rent – Apartment
Loft-style apartment available in Uptown Dallas with updated kitchen and swimming pool.,Rent – Apartment
"3BD/1BA unit in Addison complex. $1,100/mo. Amenities: updated kitchen, in-unit washer/dryer. Renters insurance required.",Rent – Apartment
"3 bedroom apartment for rent in Arlington. $1,650/month. on-site laundry and gated community included. Available 30 days notice.",Rent – Apartment
"Furnished 3-bedroom apartment for rent. Uptown Dallas area. $1,400/month, utilities included. updated kitchen.",Rent – Apartment
3-bedroom apartment available in Deep Ellum. on-site laundry and covered parking. Available 30 days notice.,Rent – Apartment
"1 bedroom apartment for rent in Garland. $1,250/month. swimming pool and covered parking included. Available 1st of next month.",Rent – Apartment
Modern apartment available in Oak Cliff. Features include stainless steel appliances and gated community. Ideal for tenants seeking a comfortable home.,Rent – Apartment
Loft-style apartment available in Richardson with updated kitchen and walk-in closet.,Rent – Apartment
"For rent: 1 bed apartment, $1,900/month. Deep Ellum location. swimming pool and gym access. Lease term: 6-month.",Rent – Apartment
"Studio-bedroom apartment available in Garland. $1,100/month includes water only. gym access. No pets policy.",Rent – Apartment
"For rent: Studio bed apartment, $1,250/month. Garland location. dishwasher and stainless steel appliances. Lease term: month-to-month.",Rent – Apartment
"Spacious 3BR/2BA apartment in Garland. Rent: $1,900/mo. hardwood floors. Utilities water only. Call for a tour.",Rent – Apartment
"For rent: Studio bed apartment, $1,900/month. Arlington location. dishwasher and 24-hr security. Lease term: 12-month.",Rent – Apartment
Loft-style apartment available in Denton with central A/C and stainless steel appliances.,Rent – Apartment
"1-bedroom apartment available in Arlington. $1,900/month includes not included. stainless steel appliances. No pets policy.",Rent – Apartment
"For rent: 2 bed apartment, $1,900/month. Deep Ellum location. gated community and pet friendly. Lease term: 6-month.",Rent – Apartment
Loft-style apartment available in Garland with walk-in closet and in-unit washer/dryer.,Rent – Apartment
"Nice 3BR apartment in Addison. $950. Features: 24-hr security, walk-in closet. 12-month lease, deposit required.",Rent – Apartment
Loft-style apartment available in Denton with balcony and stainless steel appliances.,Rent – Apartment
"For rent: Studio bed apartment, $1,100/month. Garland location. walk-in closet and in-unit washer/dryer. Lease term: 12-month.",Rent – Apartment
Studio bedroom apartment for rent in Lewisville. $800/month. balcony and walk-in closet included. Available 30 days notice.,Rent – Apartment
Apartment available for occupancy in Garland. Includes 24-hr security and hardwood floors. month-to-month lease options available.,Rent – Apartment
Ground-floor apartment with balcony and updated kitchen. Suitable for families and available in 2 weeks.,Rent – Apartment
"Spacious 2BR/2BA apartment in Oak Cliff. Rent: $1,400/mo. in-unit washer/dryer. Utilities water only. Call for a tour.",Rent – Apartment
2-bedroom apartment available in Uptown Dallas. hardwood floors and covered parking. Available in 2 weeks.,Rent – Apartment
Ground-floor apartment with balcony and hardwood floors. Suitable for families and available immediately.,Rent – Apartment
Loft-style apartment available in Lewisville with gated community and on-site laundry.,Rent – Apartment
"1-bedroom apartment available in Richardson. $1,100/month includes all utilities. walk-in closet. No pets policy.",Rent – Apartment
Studio-bedroom apartment available in Denton. 24-hr security and gym access. Available 30 days notice.,Rent – Apartment
Spacious 3BR/2BA apartment in Deep Ellum. Rent: $800/mo. swimming pool. Utilities water and trash. Call for a tour.,Rent – Apartment
"StudioBD/2BA unit in Denton complex. $1,250/mo. Amenities: gym access, updated kitchen. Renters insurance required.",Rent – Apartment
Apartment available for occupancy in Oak Cliff. Includes balcony and updated kitchen. 6-month lease options available.,Rent – Apartment
"For rent: Studio bed apartment, $1,250/month. Arlington location. 24-hr security and hardwood floors. Lease term: month-to-month.",Rent – Apartment
3-bedroom apartment available in Deep Ellum. pet friendly and on-site laundry. Available 1st of next month.,Rent – Apartment
"Spacious 2BR/2BA apartment in Richardson. Rent: $1,250/mo. pet friendly. Utilities water and trash. Call for a tour.",Rent – Apartment
Loft-style apartment available in Richardson with central A/C and balcony.,Rent – Apartment
"2 bedroom apartment for rent in Uptown Dallas. $1,250/month. on-site laundry and hardwood floors included. Available in 2 weeks.",Rent – Apartment
Modern apartment available in Lewisville. Features include updated kitchen and pet friendly. Ideal for tenants seeking a comfortable home.,Rent – Apartment
Loft-style apartment available in Garland with updated kitchen and gated community.,Rent – Apartment
"Furnished Studio-bedroom apartment for rent. Richardson area. $1,650/month, utilities included. pet friendly.",Rent – Apartment
Modern apartment available in Denton. Features include gated community and walk-in closet. Ideal for tenants seeking a comfortable home.,Rent – Apartment
Modern apartment available in Deep Ellum. Features include hardwood floors and gym access. Ideal for tenants seeking a comfortable home.,Rent – Apartment
Loft-style apartment available in Denton with gym access and stainless steel appliances.,Rent – Apartment
"2BD/2BA unit in Oak Cliff complex. $1,250/mo. Amenities: dishwasher, in-unit washer/dryer. Renters insurance required.",Rent – Apartment
"Furnished Studio-bedroom apartment for rent. Denton area. $950/month, utilities included. covered parking.",Rent – Apartment
"Studio/1BR for rent in Irving. Great location, $1,650/mo. walk-in closet, on-site laundry. Available immediately.",Rent – Apartment
"For rent: Studio bed apartment, $800/month. Irving location. in-unit washer/dryer and 24-hr security. Lease term: 12-month.",Rent – Apartment
"Nice StudioBR apartment in Addison. $950. Features: covered parking, balcony. 6-month lease, deposit required.",Rent – Apartment
"Spacious 2BR/2BA apartment in Denton. Rent: $1,250/mo. covered parking. Utilities water and trash. Call for a tour.",Rent – Apartment
"Furnished Studio-bedroom apartment for rent. Denton area. $1,400/month, utilities included. gated community.",Rent – Apartment
"Studio/1BR for rent in Denton. Great location, $950/mo. central A/C, balcony. Available immediately.",Rent – Apartment
Loft-style apartment available in Uptown Dallas with gym access and hardwood floors.,Rent – Apartment
Apartment available for occupancy in Richardson. Includes swimming pool and in-unit washer/dryer. month-to-month lease options available.,Rent – Apartment
"Nice 1BR apartment in Uptown Dallas. $950. Features: dishwasher, gated community. 6-month lease, deposit required.",Rent – Apartment
"Furnished 1-bedroom apartment for rent. Irving area. $950/month, utilities included. 24-hr security.",Rent – Apartment
Apartment available for occupancy in Addison. Includes covered parking and walk-in closet. 6-month lease options available.,Rent – Apartment
"StudioBD/1BA unit in Uptown Dallas complex. $1,400/mo. Amenities: central A/C, pet friendly. Renters insurance required.",Rent – Apartment
Apartment available for occupancy in Denton. Includes swimming pool and balcony. month-to-month lease options available.,Rent – Apartment
Apartment available for occupancy in Irving. Includes updated kitchen and gated community. 6-month lease options available.,Rent – Apartment
Loft-style apartment available in Arlington with walk-in closet and 24-hr security.,Rent – Apartment
2-bedroom apartment available in Addison. $800/month includes water only. 24-hr security. No pets policy.,Rent – Apartment
"Studio-bedroom apartment available in Arlington. $1,650/month includes all utilities. updated kitchen. No pets policy.",Rent – Apartment
Apartment available for occupancy in Oak Cliff. Includes balcony and on-site laundry. month-to-month lease options available.,Rent – Apartment
"Spacious StudioBR/1BA apartment in Richardson. Rent: $1,400/mo. central A/C. Utilities all utilities. Call for a tour.",Rent – Apartment
"Studio-bedroom apartment available in Denton. $1,250/month includes water and trash. dishwasher. No pets policy.",Rent – Apartment
"Nice 3BR apartment in Deep Ellum. $1,650. Features: balcony, dishwasher. 6-month lease, deposit required.",Rent – Apartment
1-bedroom apartment available in Richardson. walk-in closet and in-unit washer/dryer. Available immediately.,Rent – Apartment
"Furnished Studio-bedroom apartment for rent. Addison area. $1,650/month, utilities included. gym access.",Rent – Apartment
2-bedroom apartment available in Deep Ellum. $800/month includes not included. swimming pool. No pets policy.,Rent – Apartment
Modern apartment available in Addison. Features include walk-in closet and gated community. Ideal for tenants seeking a comfortable home.,Rent – Apartment
"1 bedroom apartment for rent in Lewisville. $1,400/month. dishwasher and pet friendly included. Available 30 days notice.",Rent – Apartment
Modern apartment available in Irving. Features include on-site laundry and stainless steel appliances. Ideal for tenants seeking a comfortable home.,Rent – Apartment
Loft-style apartment available in Deep Ellum with updated kitchen and in-unit washer/dryer.,Rent – Apartment
"Studio/1BR for rent in Lewisville. Great location, $1,900/mo. dishwasher, balcony. Available immediately.",Rent – Apartment
"3BD/1BA unit in Garland complex. $1,650/mo. Amenities: balcony, updated kitchen. Renters insurance required.",Rent – Apartment
Modern apartment available in Lewisville. Features include gym access and on-site laundry. Ideal for tenants seeking a comfortable home.,Rent – Apartment
Modern apartment available in Irving. Features include swimming pool and gated community. Ideal for tenants seeking a comfortable home.,Rent – Apartment
"For rent: Studio bed apartment, $1,400/month. Richardson location. walk-in closet and in-unit washer/dryer. Lease term: month-to-month.",Rent – Apartment
"Studio/1BR for rent in Arlington. Great location, $1,100/mo. central A/C, hardwood floors. Available immediately.",Rent – Apartment
"1 bedroom apartment for rent in Addison. $1,400/month. hardwood floors and central A/C included. Available in 2 weeks.",Rent – Apartment
1-bedroom apartment available in Garland. $950/month includes not included. gym access. No pets policy.,Rent – Apartment
Modern apartment available in Irving. Features include 24-hr security and pet friendly. Ideal for tenants seeking a comfortable home.,Rent – Apartment
Loft-style apartment available in Uptown Dallas with stainless steel appliances and in-unit washer/dryer.,Rent – Apartment
"1BD/2BA unit in Garland complex. $1,900/mo. Amenities: central A/C, gym access. Renters insurance required.",Rent – Apartment
"For rent: 2 bed apartment, $1,100/month. Deep Ellum location. dishwasher and in-unit washer/dryer. Lease term: month-to-month.",Rent – Apartment
"For rent: 1 bed apartment, $800/month. Uptown Dallas location. covered parking and updated kitchen. Lease term: 12-month.",Rent – Apartment
"For rent: 1 bed apartment, $950/month. Denton location. gym access and covered parking. Lease term: 12-month.",Rent – Apartment
"For rent: Studio bed apartment, $1,250/month. Oak Cliff location. dishwasher and covered parking. Lease term: 6-month.",Rent – Apartment
"Studio/1BR for rent in Oak Cliff. Great location, $1,400/mo. updated kitchen, gym access. Available immediately.",Rent – Apartment
"Spacious 1BR/1BA apartment in Denton. Rent: $1,250/mo. swimming pool. Utilities water only. Call for a tour.",Rent – Apartment
Apartment available for occupancy in Oak Cliff. Includes gym access and in-unit washer/dryer. 12-month lease options available.,Rent – Apartment
"For rent: 3 bed apartment, $1,900/month. Deep Ellum location. dishwasher and hardwood floors. Lease term: month-to-month.",Rent – Apartment
"For rent: 2 bed apartment, $1,250/month. Denton location. hardwood floors and balcony. Lease term: 6-month.",Rent – Apartment
3-bedroom apartment available in Richardson. 24-hr security and updated kitchen. Available immediately.,Rent – Apartment
3-bedroom apartment available in Irving. $950/month includes water only. gym access. No pets policy.,Rent – Apartment
Modern apartment available in Denton. Features include swimming pool and dishwasher. Ideal for tenants seeking a comfortable home.,Rent – Apartment
"1BD/1BA unit in Arlington complex. $1,400/mo. Amenities: hardwood floors, pet friendly. Renters insurance required.",Rent – Apartment
"2BD/2BA unit in Garland complex. $1,100/mo. Amenities: balcony, stainless steel appliances. Renters insurance required.",Rent – Apartment
"StudioBD/2BA unit in Deep Ellum complex. $1,100/mo. Amenities: gym access, covered parking. Renters insurance required.",Rent – Apartment
Spacious 2BR/1BA apartment in Denton. Rent: $950/mo. on-site laundry. Utilities water only. Call for a tour.,Rent – Apartment
"Studio/1BR for rent in Lewisville. Great location, $950/mo. covered parking, 24-hr security. Available immediately.",Rent – Apartment
"Studio/1BR for rent in Lewisville. Great location, $1,900/mo. dishwasher, pet friendly. Available immediately.",Rent – Apartment
"Furnished 1-bedroom apartment for rent. Addison area. $1,400/month, utilities included. gym access.",Rent – Apartment
"Nice 2BR apartment in Irving. $1,900. Features: walk-in closet, on-site laundry. 12-month lease, deposit required.",Rent – Apartment
"StudioBD/2BA unit in Oak Cliff complex. $1,400/mo. Amenities: dishwasher, hardwood floors. Renters insurance required.",Rent – Apartment
"2BD/2BA unit in Addison complex. $1,250/mo. Amenities: walk-in closet, gated community. Renters insurance required.",Rent – Apartment
Loft-style apartment available in Lewisville with walk-in closet and 24-hr security.,Rent – Apartment
"Nice 3BR apartment in Addison. $1,250. Features: central A/C, gated community. month-to-month lease, deposit required.",Rent – Apartment
2-bedroom apartment available in Richardson. $800/month includes all utilities. updated kitchen. No pets policy.,Rent – Apartment
3 bedroom apartment for rent in Oak Cliff. $950/month. dishwasher and 24-hr security included. Available in 2 weeks.,Rent – Apartment
"Studio-bedroom apartment available in Uptown Dallas. $1,100/month includes water and trash. gym access. No pets policy.",Rent – Apartment
"Furnished Studio-bedroom apartment for rent. Denton area. $1,250/month, utilities included. balcony.",Rent – Apartment
"Furnished 1-bedroom apartment for rent. Addison area. $1,100/month, utilities included. stainless steel appliances.",Rent – Apartment
"For rent: 2 bed apartment, $1,650/month. Denton location. central A/C and stainless steel appliances. Lease term: 6-month.",Rent – Apartment
"Studio bedroom apartment for rent in Lewisville. $1,900/month. swimming pool and updated kitchen included. Available in 2 weeks.",Rent – Apartment
Modern apartment available in Lewisville. Features include stainless steel appliances and updated kitchen. Ideal for tenants seeking a comfortable home.,Rent – Apartment
"Nice 2BR apartment in Lewisville. $1,900. Features: 24-hr security, dishwasher. 6-month lease, deposit required.",Rent – Apartment
"For rent: 3 bed apartment, $1,650/month. Irving location. stainless steel appliances and central A/C. Lease term: month-to-month.",Rent – Apartment
"Furnished 1-bedroom apartment for rent. Richardson area. $1,650/month, utilities included. 24-hr security.",Rent – Apartment
Ground-floor apartment with 24-hr security and stainless steel appliances. Suitable for families and available immediately.,Rent – Apartment
Loft-style apartment available in Arlington with on-site laundry and hardwood floors.,Rent – Apartment
"3BD/2BA unit in Garland complex. $1,650/mo. Amenities: in-unit washer/dryer, on-site laundry. Renters insurance required.",Rent – Apartment
"Studio bedroom apartment for rent in Garland. $1,650/month. in-unit washer/dryer and covered parking included. Available 30 days notice.",Rent – Apartment
"Spacious 1BR/2BA apartment in Oak Cliff. Rent: $1,250/mo. on-site laundry. Utilities water only. Call for a tour.",Rent – Apartment
"1 bedroom apartment for rent in Deep Ellum. $1,400/month. central A/C and on-site laundry included. Available immediately.",Rent – Apartment
Apartment available for occupancy in Arlington. Includes walk-in closet and in-unit washer/dryer. 12-month lease options available.,Rent – Apartment
Apartment available for occupancy in Denton. Includes hardwood floors and gym access. 6-month lease options available.,Rent – Apartment
"StudioBD/1BA unit in Irving complex. $1,900/mo. Amenities: in-unit washer/dryer, central A/C. Renters insurance required.",Rent – Apartment
Studio-bedroom apartment available in Uptown Dallas. $800/month includes water only. gym access. No pets policy.,Rent – Apartment
"1-bedroom apartment available in Uptown Dallas. $1,250/month includes water and trash. stainless steel appliances. No pets policy.",Rent – Apartment
1-bedroom apartment available in Irving. gated community and gym access. Available immediately.,Rent – Apartment
"Nice StudioBR apartment in Garland. $800. Features: pet friendly, swimming pool. 12-month lease, deposit required.",Rent – Apartment
2-bedroom apartment available in Uptown Dallas. $800/month includes all utilities. on-site laundry. No pets policy.,Rent – Apartment
Loft-style apartment available in Richardson with central A/C and updated kitchen.,Rent – Apartment
Apartment available for occupancy in Oak Cliff. Includes stainless steel appliances and walk-in closet. month-to-month lease options available.,Rent – Apartment
"Spacious 3BR/2BA apartment in Denton. Rent: $1,650/mo. pet friendly. Utilities all utilities. Call for a tour.",Rent – Apartment
"Studio-bedroom apartment available in Addison. $1,650/month includes not included. in-unit washer/dryer. No pets policy.",Rent – Apartment
3 bedroom apartment for rent in Addison. $950/month. swimming pool and pet friendly included. Available immediately.,Rent – Apartment
"3-bedroom apartment available in Oak Cliff. $1,100/month includes water only. stainless steel appliances. No pets policy.",Rent – Apartment
2-bedroom apartment available in Addison. walk-in closet and balcony. Available 1st of next month.,Rent – Apartment
"1-bedroom apartment available in Lewisville. $1,900/month includes not included. hardwood floors. No pets policy.",Rent – Apartment
"For rent: Studio bed apartment, $800/month. Arlington location. updated kitchen and gated community. Lease term: 12-month.",Rent – Apartment
"1-bedroom apartment available in Addison. $1,400/month includes water and trash. swimming pool. No pets policy.",Rent – Apartment
"Studio/1BR for rent in Irving. Great location, $950/mo. swimming pool, 24-hr security. Available immediately.",Rent – Apartment
Modern apartment available in Arlington. Features include updated kitchen and gated community. Ideal for tenants seeking a comfortable home.,Rent – Apartment
"For rent: 3 bed apartment, $1,900/month. Oak Cliff location. updated kitchen and stainless steel appliances. Lease term: 12-month.",Rent – Apartment
"Furnished 2-bedroom apartment for rent. Denton area. $1,650/month, utilities included. dishwasher.",Rent – Apartment
"2BD/2BA unit in Denton complex. $1,400/mo. Amenities: covered parking, updated kitchen. Renters insurance required.",Rent – Apartment
"For rent: 1 bed apartment, $800/month. Addison location. 24-hr security and updated kitchen. Lease term: month-to-month.",Rent – Apartment
"3BD/2BA unit in Irving complex. $1,250/mo. Amenities: balcony, stainless steel appliances. Renters insurance required.",Rent – Apartment
"Furnished Studio-bedroom apartment for rent. Lewisville area. $950/month, utilities included. stainless steel appliances.",Rent – Apartment
Loft-style apartment available in Garland with stainless steel appliances and walk-in closet.,Rent – Apartment
"Furnished 1-bedroom apartment for rent. Uptown Dallas area. $1,900/month, utilities included. 24-hr security.",Rent – Apartment
Ground-floor apartment with gated community and stainless steel appliances. Suitable for families and available 1st of next month.,Rent – Apartment
Modern apartment available in Deep Ellum. Features include central A/C and gated community. Ideal for tenants seeking a comfortable home.,Rent – Apartment
"Furnished Studio-bedroom apartment for rent. Irving area. $950/month, utilities included. 24-hr security.",Rent – Apartment
3-bedroom apartment available in Irving. hardwood floors and gated community. Available in 2 weeks.,Rent – Apartment
"For rent: 1 bed apartment, $800/month. Richardson location. covered parking and 24-hr security. Lease term: 6-month.",Rent – Apartment
"Spacious 3BR/2BA apartment in Richardson. Rent: $1,650/mo. on-site laundry. Utilities not included. Call for a tour.",Rent – Apartment
"Nice 1BR apartment in Arlington. $950. Features: swimming pool, 24-hr security. 6-month lease, deposit required.",Rent – Apartment
"For rent: 1 bed apartment, $1,900/month. Richardson location. gym access and in-unit washer/dryer. Lease term: 6-month.",Rent – Apartment
Apartment available for occupancy in Irving. Includes swimming pool and on-site laundry. 12-month lease options available.,Rent – Apartment
3 bedroom apartment for rent in Deep Ellum. $800/month. central A/C and gym access included. Available immediately.,Rent – Apartment
Apartment available for occupancy in Addison. Includes central A/C and walk-in closet. 6-month lease options available.,Rent – Apartment
"2BD/2BA unit in Garland complex. $1,100/mo. Amenities: updated kitchen, walk-in closet. Renters insurance required.",Rent – Apartment
"Nice 3BR apartment in Garland. $1,900. Features: gated community, balcony. 12-month lease, deposit required.",Rent – Apartment
"3BD/1BA unit in Uptown Dallas complex. $1,400/mo. Amenities: dishwasher, 24-hr security. Renters insurance required.",Rent – Apartment
Ground-floor apartment with walk-in closet and dishwasher. Suitable for families and available 30 days notice.,Rent – Apartment
Apartment available for occupancy in Garland. Includes gym access and in-unit washer/dryer. month-to-month lease options available.,Rent – Apartment
Apartment available for occupancy in Lewisville. Includes updated kitchen and gym access. 6-month lease options available.,Rent – Apartment
"StudioBD/2BA unit in Richardson complex. $1,400/mo. Amenities: gated community, dishwasher. Renters insurance required.",Rent – Apartment
Studio-bedroom apartment available in Arlington. stainless steel appliances and central A/C. Available 30 days notice.,Rent – Apartment
"For rent: Studio bed apartment, $950/month. Denton location. stainless steel appliances and updated kitchen. Lease term: 12-month.",Rent – Apartment
Loft-style apartment available in Irving with gated community and 24-hr security.,Rent – Apartment
"Furnished 1-bedroom apartment for rent. Arlington area. $1,650/month, utilities included. walk-in closet.",Rent – Apartment
3-bedroom apartment available in Garland. gated community and 24-hr security. Available immediately.,Rent – Apartment
Apartment available for occupancy in Addison. Includes pet friendly and balcony. 12-month lease options available.,Rent – Apartment
"Spacious 2BR/1BA apartment in Deep Ellum. Rent: $1,400/mo. on-site laundry. Utilities water only. Call for a tour.",Rent – Apartment
"Furnished Studio-bedroom apartment for rent. Uptown Dallas area. $1,400/month, utilities included. central A/C.",Rent – Apartment
"Nice 1BR apartment in Deep Ellum. $1,250. Features: walk-in closet, pet friendly. month-to-month lease, deposit required.",Rent – Apartment
"Nice 2BR apartment in Arlington. $1,650. Features: swimming pool, dishwasher. 12-month lease, deposit required.",Rent – Apartment
"For rent: Studio bed apartment, $1,400/month. Richardson location. 24-hr security and gated community. Lease term: 6-month.",Rent – Apartment
Apartment available for occupancy in Irving. Includes dishwasher and gym access. 12-month lease options available.,Rent – Apartment
Ground-floor apartment with stainless steel appliances and walk-in closet. Suitable for families and available 30 days notice.,Rent – Apartment
"Studio/1BR for rent in Denton. Great location, $1,250/mo. dishwasher, gated community. Available immediately.",Rent – Apartment
"Nice 3BR apartment in Denton. $1,650. Features: walk-in closet, balcony. 6-month lease, deposit required.",Rent – Apartment
Ground-floor apartment with dishwasher and hardwood floors. Suitable for families and available in 2 weeks.,Rent – Apartment
"1BD/2BA unit in Arlington complex. $1,100/mo. Amenities: gated community, swimming pool. Renters insurance required.",Rent – Apartment
Loft-style apartment available in Lewisville with 24-hr security and gym access.,Rent – Apartment
Apartment available for occupancy in Garland. Includes dishwasher and swimming pool. 12-month lease options available.,Rent – Apartment
3-bedroom apartment available in Irving. gated community and pet friendly. Available 1st of next month.,Rent – Apartment
"Furnished 1-bedroom apartment for rent. Deep Ellum area. $1,900/month, utilities included. updated kitchen.",Rent – Apartment
"Studio/1BR for rent in Uptown Dallas. Great location, $800/mo. gated community, stainless steel appliances. Available immediately.",Rent – Apartment
"1BD/1BA unit in Lewisville complex. $1,400/mo. Amenities: gated community, stainless steel appliances. Renters insurance required.",Rent – Apartment
Loft-style apartment available in Irving with central A/C and swimming pool.,Rent – Apartment
"Spacious 1BR/2BA apartment in Uptown Dallas. Rent: $1,250/mo. 24-hr security. Utilities not included. Call for a tour.",Rent – Apartment
Loft-style apartment available in Lewisville with walk-in closet and gym access.,Rent – Apartment
Loft-style apartment available in Lewisville with pet friendly and on-site laundry.,Rent – Apartment
Loft-style apartment available in Garland with in-unit washer/dryer and on-site laundry.,Rent – Apartment
"2-bedroom apartment available in Oak Cliff. $1,400/month includes not included. covered parking. No pets policy.",Rent – Apartment
1-bedroom apartment available in Uptown Dallas. stainless steel appliances and pet friendly. Available 1st of next month.,Rent – Apartment
"Studio/1BR for rent in Lewisville. Great location, $1,400/mo. dishwasher, stainless steel appliances. Available immediately.",Rent – Apartment
"Studio/1BR for rent in Denton. Great location, $1,100/mo. swimming pool, 24-hr security. Available immediately.",Rent – Apartment
"Furnished 2-bedroom apartment for rent. Oak Cliff area. $1,400/month, utilities included. updated kitchen.",Rent – Apartment
Apartment available for occupancy in Lewisville. Includes 24-hr security and gated community. 6-month lease options available.,Rent – Apartment
"Nice 3BR apartment in Lewisville. $950. Features: walk-in closet, balcony. 6-month lease, deposit required.",Rent – Apartment
3-bedroom apartment available in Garland. on-site laundry and gated community. Available in 2 weeks.,Rent – Apartment
Loft-style apartment available in Uptown Dallas with covered parking and swimming pool.,Rent – Apartment
"Spacious 1BR/2BA apartment in Lewisville. Rent: $1,900/mo. walk-in closet. Utilities not included. Call for a tour.",Rent – Apartment
Ground-floor apartment with central A/C and dishwasher. Suitable for families and available in 2 weeks.,Rent – Apartment
Loft-style apartment available in Arlington with balcony and swimming pool.,Rent – Apartment
Apartment available for occupancy in Oak Cliff. Includes hardwood floors and 24-hr security. 12-month lease options available.,Rent – Apartment
Ground-floor apartment with walk-in closet and gym access. Suitable for families and available in 2 weeks.,Rent – Apartment
"Studio/1BR for rent in Deep Ellum. Great location, $1,100/mo. balcony, hardwood floors. Available immediately.",Rent – Apartment
Apartment available for occupancy in Oak Cliff. Includes on-site laundry and stainless steel appliances. 12-month lease options available.,Rent – Apartment
Studio-bedroom apartment available in Denton. stainless steel appliances and updated kitchen. Available 30 days notice.,Rent – Apartment
Studio-bedroom apartment available in Uptown Dallas. gated community and stainless steel appliances. Available immediately.,Rent – Apartment
Ground-floor apartment with balcony and 24-hr security. Suitable for families and available 30 days notice.,Rent – Apartment
"For rent: 1 bed apartment, $1,100/month. Deep Ellum location. gated community and walk-in closet. Lease term: month-to-month.",Rent – Apartment
3 bedroom apartment for rent in Garland. $800/month. balcony and updated kitchen included. Available 1st of next month.,Rent – Apartment
Studio-bedroom apartment available in Richardson. dishwasher and walk-in closet. Available 1st of next month.,Rent – Apartment
"3 bedroom apartment for rent in Richardson. $1,650/month. 24-hr security and gated community included. Available 30 days notice.",Rent – Apartment
"3 bedroom apartment for rent in Richardson. $1,100/month. pet friendly and in-unit washer/dryer included. Available in 2 weeks.",Rent – Apartment
Ground-floor apartment with swimming pool and balcony. Suitable for families and available immediately.,Rent – Apartment
3-bedroom apartment available in Arlington. hardwood floors and swimming pool. Available in 2 weeks.,Rent – Apartment
"2-bedroom apartment available in Garland. $1,250/month includes all utilities. updated kitchen. No pets policy.",Rent – Apartment
"Spacious 3BR/1BA apartment in Oak Cliff. Rent: $1,100/mo. updated kitchen. Utilities not included. Call for a tour.",Rent – Apartment
Ground-floor apartment with gym access and on-site laundry. Suitable for families and available in 2 weeks.,Rent – Apartment
1 bedroom apartment for rent in Richardson. $800/month. swimming pool and gated community included. Available 30 days notice.,Rent – Apartment
Loft-style apartment available in Irving with gated community and 24-hr security.,Rent – Apartment
"Spacious 1BR/1BA apartment in Garland. Rent: $1,400/mo. walk-in closet. Utilities water and trash. Call for a tour.",Rent – Apartment
"2 bedroom apartment for rent in Lewisville. $1,650/month. gated community and dishwasher included. Available 30 days notice.",Rent – Apartment
"Studio/1BR for rent in Addison. Great location, $1,400/mo. covered parking, updated kitchen. Available immediately.",Rent – Apartment
"Studio-bedroom apartment available in Addison. $1,650/month includes not included. covered parking. No pets policy.",Rent – Apartment
Ground-floor apartment with walk-in closet and stainless steel appliances. Suitable for families and available immediately.,Rent – Apartment
"For rent: 2 bed apartment, $1,250/month. Oak Cliff location. balcony and in-unit washer/dryer. Lease term: month-to-month.",Rent – Apartment
"Spacious 3BR/2BA apartment in Denton. Rent: $1,100/mo. dishwasher. Utilities all utilities. Call for a tour.",Rent – Apartment
"Furnished 3-bedroom apartment for rent. Richardson area. $800/month, utilities included. updated kitchen.",Rent – Apartment
"Nice 1BR apartment in Uptown Dallas. $950. Features: 24-hr security, balcony. 12-month lease, deposit required.",Rent – Apartment
Apartment available for occupancy in Arlington. Includes 24-hr security and pet friendly. 6-month lease options available.,Rent – Apartment
"Studio/1BR for rent in Deep Ellum. Great location, $800/mo. updated kitchen, pet friendly. Available immediately.",Rent – Apartment
"Nice 2BR apartment in Addison. $1,650. Features: pet friendly, 24-hr security. 12-month lease, deposit required.",Rent – Apartment
"Spacious 1BR/1BA apartment in Uptown Dallas. Rent: $1,400/mo. stainless steel appliances. Utilities all utilities. Call for a tour.",Rent – Apartment
"Spacious 2BR/2BA apartment in Arlington. Rent: $1,900/mo. on-site laundry. Utilities all utilities. Call for a tour.",Rent – Apartment
"3 bedroom apartment for rent in Denton. $1,100/month. swimming pool and gym access included. Available immediately.",Rent – Apartment
"Furnished 3-bedroom apartment for rent. Oak Cliff area. $1,400/month, utilities included. on-site laundry.",Rent – Apartment
"Studio/1BR for rent in Irving. Great location, $1,250/mo. in-unit washer/dryer, central A/C. Available immediately.",Rent – Apartment
Loft-style apartment available in Lewisville with hardwood floors and balcony.,Rent – Apartment
"For rent: Studio bed apartment, $1,650/month. Denton location. central A/C and gym access. Lease term: 6-month.",Rent – Apartment
"Studio/1BR for rent in Addison. Great location, $800/mo. 24-hr security, covered parking. Available immediately.",Rent – Apartment
Apartment available for occupancy in Uptown Dallas. Includes swimming pool and covered parking. 12-month lease options available.,Rent – Apartment
"2 bedroom apartment for rent in Deep Ellum. $1,650/month. gated community and pet friendly included. Available 1st of next month.",Rent – Apartment
"Furnished 2-bedroom apartment for rent. Uptown Dallas area. $1,650/month, utilities included. stainless steel appliances.",Rent – Apartment
Ground-floor apartment with covered parking and swimming pool. Suitable for families and available 30 days notice.,Rent – Apartment
Apartment available for occupancy in Addison. Includes covered parking and dishwasher. 12-month lease options available.,Rent – Apartment
"For rent: 3 bed apartment, $1,250/month. Oak Cliff location. updated kitchen and gym access. Lease term: 6-month.",Rent – Apartment
"1BD/1BA unit in Lewisville complex. $1,250/mo. Amenities: swimming pool, dishwasher. Renters insurance required.",Rent – Apartment
1 bedroom apartment for rent in Lewisville. $950/month. covered parking and swimming pool included. Available immediately.,Rent – Apartment
"Furnished 3-bedroom apartment for rent. Denton area. $950/month, utilities included. gym access.",Rent – Apartment
"Furnished Studio-bedroom apartment for rent. Uptown Dallas area. $950/month, utilities included. balcony.",Rent – Apartment
"For rent: Studio bed apartment, $1,400/month. Deep Ellum location. gated community and central A/C. Lease term: month-to-month.",Rent – Apartment
"3-bedroom apartment available in Richardson. $1,100/month includes not included. swimming pool. No pets policy.",Rent – Apartment
"2 bedroom apartment for rent in Uptown Dallas. $1,900/month. hardwood floors and 24-hr security included. Available in 2 weeks.",Rent – Apartment
Spacious 3BR/1BA apartment in Uptown Dallas. Rent: $950/mo. hardwood floors. Utilities water and trash. Call for a tour.,Rent – Apartment
"Furnished 2-bedroom apartment for rent. Irving area. $1,650/month, utilities included. swimming pool.",Rent – Apartment
"Spacious 2BR/2BA apartment in Deep Ellum. Rent: $1,400/mo. gym access. Utilities water only. Call for a tour.",Rent – Apartment
"Spacious 1BR/1BA apartment in Irving. Rent: $1,400/mo. stainless steel appliances. Utilities water only. Call for a tour.",Rent – Apartment
Apartment available for occupancy in Garland. Includes balcony and swimming pool. 6-month lease options available.,Rent – Apartment
"Studio/1BR for rent in Oak Cliff. Great location, $1,900/mo. walk-in closet, 24-hr security. Available immediately.",Rent – Apartment
"Furnished 3-bedroom apartment for rent. Deep Ellum area. $1,400/month, utilities included. updated kitchen.",Rent – Apartment
"For rent: 1 bed apartment, $1,100/month. Irving location. on-site laundry and pet friendly. Lease term: 6-month.",Rent – Apartment
"2BD/1BA unit in Addison complex. $1,250/mo. Amenities: 24-hr security, balcony. Renters insurance required.",Rent – Apartment
1-bedroom apartment available in Deep Ellum. hardwood floors and updated kitchen. Available 1st of next month.,Rent – Apartment
Ground-floor apartment with on-site laundry and gym access. Suitable for families and available 30 days notice.,Rent – Apartment
"For rent: Studio bed apartment, $1,900/month. Garland location. stainless steel appliances and on-site laundry. Lease term: 6-month.",Rent – Apartment
"For rent: 3 bed apartment, $1,900/month. Addison location. dishwasher and stainless steel appliances. Lease term: 12-month.",Rent – Apartment
"Spacious 1BR/2BA apartment in Uptown Dallas. Rent: $1,650/mo. 24-hr security. Utilities not included. Call for a tour.",Rent – Apartment
Ground-floor apartment with on-site laundry and gated community. Suitable for families and available 1st of next month.,Rent – Apartment
"Nice 1BR apartment in Uptown Dallas. $1,400. Features: swimming pool, on-site laundry. 12-month lease, deposit required.",Rent – Apartment
"2BD/2BA unit in Irving complex. $1,650/mo. Amenities: 24-hr security, swimming pool. Renters insurance required.",Rent – Apartment
"Studio/1BR for rent in Lewisville. Great location, $1,900/mo. on-site laundry, swimming pool. Available immediately.",Rent – Apartment
"3 bedroom apartment for rent in Denton. $1,650/month. balcony and dishwasher included. Available in 2 weeks.",Rent – Apartment
Ground-floor apartment with gym access and balcony. Suitable for families and available 1st of next month.,Rent – Apartment
"Furnished 1-bedroom apartment for rent. Oak Cliff area. $1,900/month, utilities included. central A/C.",Rent – Apartment
"3BD/2BA unit in Oak Cliff complex. $800/mo. Amenities: pet friendly, gated community. Renters insurance required.",Rent – Apartment
"Studio-bedroom apartment available in Garland. $1,400/month includes water only. covered parking. No pets policy.",Rent – Apartment
"Studio/1BR for rent in Addison. Great location, $1,400/mo. swimming pool, hardwood floors. Available immediately.",Rent – Apartment
Studio-bedroom apartment available in Richardson. gym access and gated community. Available 30 days notice.,Rent – Apartment
"Studio bedroom apartment for rent in Uptown Dallas. $1,100/month. in-unit washer/dryer and pet friendly included. Available 1st of next month.",Rent – Apartment
"Nice 2BR apartment in Deep Ellum. $1,100. Features: walk-in closet, balcony. month-to-month lease, deposit required.",Rent – Apartment
1-bedroom apartment available in Lewisville. walk-in closet and stainless steel appliances. Available immediately.,Rent – Apartment
"Studio/1BR for rent in Deep Ellum. Great location, $1,650/mo. swimming pool, stainless steel appliances. Available immediately.",Rent – Apartment
Loft-style apartment available in Oak Cliff with 24-hr security and swimming pool.,Rent – Apartment
"3 bedroom apartment for rent in Addison. $1,400/month. stainless steel appliances and 24-hr security included. Available 30 days notice.",Rent – Apartment
"Spacious 1BR/2BA apartment in Denton. Rent: $1,900/mo. walk-in closet. Utilities water and trash. Call for a tour.",Rent – Apartment
"2BD/1BA unit in Deep Ellum complex. $1,100/mo. Amenities: pet friendly, swimming pool. Renters insurance required.",Rent – Apartment
"Spacious 3BR/2BA apartment in Arlington. Rent: $1,100/mo. swimming pool. Utilities not included. Call for a tour.",Rent – Apartment
"Spacious StudioBR/2BA apartment in Richardson. Rent: $1,250/mo. central A/C. Utilities not included. Call for a tour.",Rent – Apartment
"2BD/2BA unit in Deep Ellum complex. $1,650/mo. Amenities: pet friendly, hardwood floors. Renters insurance required.",Rent – Apartment
"Studio/1BR for rent in Addison. Great location, $1,650/mo. stainless steel appliances, gated community. Available immediately.",Rent – Apartment
"Studio/1BR for rent in Addison. Great location, $1,250/mo. balcony, swimming pool. Available immediately.",Rent – Apartment
"Nice 3BR apartment in Deep Ellum. $950. Features: updated kitchen, stainless steel appliances. 6-month lease, deposit required.",Rent – Apartment
"Studio-bedroom apartment available in Garland. $1,400/month includes not included. balcony. No pets policy.",Rent – Apartment
Spacious StudioBR/1BA apartment in Arlington. Rent: $950/mo. covered parking. Utilities all utilities. Call for a tour.,Rent – Apartment
Modern apartment available in Irving. Features include walk-in closet and balcony. Ideal for tenants seeking a comfortable home.,Rent – Apartment
"3 bedroom apartment for rent in Richardson. $1,650/month. walk-in closet and gated community included. Available 1st of next month.",Rent – Apartment
"Spacious StudioBR/2BA apartment in Arlington. Rent: $1,900/mo. covered parking. Utilities not included. Call for a tour.",Rent – Apartment
Apartment available for occupancy in Deep Ellum. Includes stainless steel appliances and covered parking. 6-month lease options available.,Rent – Apartment
"3-bedroom apartment available in Denton. $1,650/month includes all utilities. pet friendly. No pets policy.",Rent – Apartment
"Nice 3BR apartment in Denton. $1,900. Features: stainless steel appliances, 24-hr security. 12-month lease, deposit required.",Rent – Apartment
"Nice 2BR apartment in Oak Cliff. $1,250. Features: gated community, dishwasher. 6-month lease, deposit required.",Rent – Apartment
"Spacious 3BR/2BA apartment in Denton. Rent: $1,650/mo. walk-in closet. Utilities water and trash. Call for a tour.",Rent – Apartment
Apartment available for occupancy in Addison. Includes updated kitchen and gated community. 6-month lease options available.,Rent – Apartment
Modern apartment available in Addison. Features include balcony and gym access. Ideal for tenants seeking a comfortable home.,Rent – Apartment
"Studio bedroom apartment for rent in Arlington. $1,250/month. covered parking and stainless steel appliances included. Available in 2 weeks.",Rent – Apartment
2-bedroom apartment available in Oak Cliff. balcony and hardwood floors. Available 1st of next month.,Rent – Apartment
3-bedroom apartment available in Richardson. central A/C and swimming pool. Available in 2 weeks.,Rent – Apartment
Ground-floor apartment with central A/C and dishwasher. Suitable for families and available 30 days notice.,Rent – Apartment
"Spacious StudioBR/2BA apartment in Denton. Rent: $1,400/mo. updated kitchen. Utilities water and trash. Call for a tour.",Rent – Apartment
"Furnished 3-bedroom apartment for rent. Deep Ellum area. $950/month, utilities included. gym access.",Rent – Apartment
Loft-style apartment available in Uptown Dallas with stainless steel appliances and updated kitchen.,Rent – Apartment
"Studio/1BR for rent in Irving. Great location, $1,650/mo. stainless steel appliances, gated community. Available immediately.",Rent – Apartment
"1 bedroom apartment for rent in Denton. $1,900/month. in-unit washer/dryer and stainless steel appliances included. Available 1st of next month.",Rent – Apartment
Modern apartment available in Lewisville. Features include balcony and gym access. Ideal for tenants seeking a comfortable home.,Rent – Apartment
"For rent: 1 bed apartment, $1,400/month. Garland location. gated community and balcony. Lease term: 6-month.",Rent – Apartment
"Spacious 1BR/1BA apartment in Lewisville. Rent: $1,900/mo. 24-hr security. Utilities not included. Call for a tour.",Rent – Apartment
1-bedroom apartment available in Deep Ellum. swimming pool and pet friendly. Available 1st of next month.,Rent – Apartment
"Studio bedroom apartment for rent in Uptown Dallas. $1,650/month. central A/C and 24-hr security included. Available in 2 weeks.",Rent – Apartment
"For rent: 1 bed apartment, $1,400/month. Addison location. gym access and gated community. Lease term: month-to-month.",Rent – Apartment
Loft-style apartment available in Deep Ellum with covered parking and gated community.,Rent – Apartment
"Spacious StudioBR/1BA apartment in Oak Cliff. Rent: $1,100/mo. updated kitchen. Utilities water only. Call for a tour.",Rent – Apartment
Spacious 2BR/1BA apartment in Irving. Rent: $800/mo. updated kitchen. Utilities not included. Call for a tour.,Rent – Apartment
"Spacious StudioBR/1BA apartment in Irving. Rent: $1,250/mo. updated kitchen. Utilities water only. Call for a tour.",Rent – Apartment
Loft-style apartment available in Oak Cliff with swimming pool and stainless steel appliances.,Rent – Apartment
"Nice StudioBR apartment in Denton. $1,650. Features: updated kitchen, central A/C. 12-month lease, deposit required.",Rent – Apartment
Modern apartment available in Addison. Features include in-unit washer/dryer and hardwood floors. Ideal for tenants seeking a comfortable home.,Rent – Apartment
"1 bedroom apartment for rent in Oak Cliff. $1,100/month. pet friendly and swimming pool included. Available 1st of next month.",Rent – Apartment
"Spacious 2BR/2BA apartment in Arlington. Rent: $1,250/mo. pet friendly. Utilities not included. Call for a tour.",Rent – Apartment
"For rent: 2 bed apartment, $1,400/month. Deep Ellum location. gym access and gated community. Lease term: 12-month.",Rent – Apartment
Ground-floor apartment with updated kitchen and balcony. Suitable for families and available immediately.,Rent – Apartment
Modern apartment available in Garland. Features include balcony and stainless steel appliances. Ideal for tenants seeking a comfortable home.,Rent – Apartment
"3 bedroom apartment for rent in Lewisville. $1,900/month. hardwood floors and covered parking included. Available immediately.",Rent – Apartment
"Spacious 2BR/2BA apartment in Oak Cliff. Rent: $1,100/mo. swimming pool. Utilities all utilities. Call for a tour.",Rent – Apartment
Apartment available for occupancy in Deep Ellum. Includes pet friendly and stainless steel appliances. month-to-month lease options available.,Rent – Apartment
Ground-floor apartment with pet friendly and gym access. Suitable for families and available in 2 weeks.,Rent – Apartment
Modern apartment available in Denton. Features include gym access and hardwood floors. Ideal for tenants seeking a comfortable home.,Rent – Apartment
Apartment available for occupancy in Addison. Includes walk-in closet and balcony. 6-month lease options available.,Rent – Apartment
Studio bedroom apartment for rent in Arlington. $950/month. covered parking and balcony included. Available 30 days notice.,Rent – Apartment
2-bedroom apartment available in Lewisville. $800/month includes not included. central A/C. No pets policy.,Rent – Apartment
"Furnished Studio-bedroom apartment for rent. Uptown Dallas area. $800/month, utilities included. in-unit washer/dryer.",Rent – Apartment
Ground-floor apartment with covered parking and stainless steel appliances. Suitable for families and available immediately.,Rent – Apartment
We need a reliable Sales Floor Associate to greet and assist customers and ensure our customers have an excellent shopping experience.,Jobs – Retail
"Join the Fashion Outlet family as a Retail Sales Associate. Must be friendly, reliable and able to greet and assist customers. paid training provided and employee discount offered.",Jobs – Retail
"Join the StyleMart family as a Store Manager. Must be friendly, reliable and able to set up promotional displays. competitive pay and benefits and employee discount offered.",Jobs – Retail
Hiring immediately! Loss Prevention Officer needed for our downtown location. Experience with maintain store cleanliness required. Full-time and part-time shifts available.,Jobs – Retail
"Full-time Loss Prevention Officer position at SportZone. You will restock shelves and organize merchandise, assist with opening and closing procedures. Competitive pay and employee benefits included.",Jobs – Retail
ValueMart is seeking a Inventory Specialist. You will upsell products to customers and help with inventory counts. Previous retail experience preferred but not required. We offer competitive pay and benefits.,Jobs – Retail
Experienced Shift Supervisor needed for our outlet location. Must have experience with point of sale systems and upsell products to customers.,Jobs – Retail
"StyleMart has openings for Assistant Manager. Responsibilities: manage fitting room area, operate the cash register. Flexible hours available.",Jobs – Retail
"Join the The Clothing Co. family as a Stock Associate. Must be friendly, reliable and able to help with inventory counts. competitive pay and benefits and employee discount offered.",Jobs – Retail
"Join the SportZone family as a Customer Service Representative. Must be friendly, reliable and able to operate the cash register. opportunity for advancement and employee discount offered.",Jobs – Retail
Experienced Shift Supervisor needed for our suburban location. Must have experience with point of sale systems and upsell products to customers.,Jobs – Retail
TrendStore is seeking a Assistant Manager. You will assist with opening and closing procedures and set up promotional displays. Previous retail experience preferred but not required. We offer paid training provided.,Jobs – Retail
"Join the HomeGoods Plus family as a Cashier. Must be friendly, reliable and able to upsell products to customers. health and dental benefits and employee discount offered.",Jobs – Retail
"Looking for a part-time Store Manager to join our team at QuickMart. Duties: process returns and exchanges, assist customers on the sales floor. Must be available on weekends.",Jobs – Retail
Hiring immediately! Retail Sales Associate needed for our outlet location. Experience with greet and assist customers required. Full-time and part-time shifts available.,Jobs – Retail
"Looking for a part-time Inventory Specialist to join our team at SportZone. Duties: handle cash and credit card transactions, set up promotional displays. Must be available on weekends.",Jobs – Retail
"Retail Sales Associate wanted for busy retail store. Duties include operate the cash register, assist customers on the sales floor, upsell products to customers. Great team environment, apply today.",Jobs – Retail
We need a reliable Assistant Manager to restock shelves and organize merchandise and ensure our customers have an excellent shopping experience.,Jobs – Retail
"Full-time Customer Service Representative position at SportZone. You will upsell products to customers, process returns and exchanges. Competitive pay and employee benefits included.",Jobs – Retail
"Looking for a part-time Retail Sales Associate to join our team at Fashion Outlet. Duties: process returns and exchanges, operate the cash register. Must be available on weekends.",Jobs – Retail
Hiring immediately! Assistant Manager needed for our flagship location. Experience with operate the cash register required. Full-time and part-time shifts available.,Jobs – Retail
Hiring immediately! Customer Service Representative needed for our mall location. Experience with greet and assist customers required. Full-time and part-time shifts available.,Jobs – Retail
"Full-time Sales Floor Associate position at Fashion Outlet. You will set up promotional displays, manage fitting room area. Competitive pay and employee benefits included.",Jobs – Retail
Hiring immediately! Keyholder needed for our mall location. Experience with upsell products to customers required. Full-time and part-time shifts available.,Jobs – Retail
"Customer Service Representative wanted for busy retail store. Duties include handle cash and credit card transactions, greet and assist customers, assist customers on the sales floor. Great team environment, apply today.",Jobs – Retail
Hiring immediately! Cashier needed for our downtown location. Experience with help with inventory counts required. Full-time and part-time shifts available.,Jobs – Retail
"Join the StyleMart family as a Customer Service Representative. Must be friendly, reliable and able to assist with opening and closing procedures. employee discount program and employee discount offered.",Jobs – Retail
Experienced Shift Supervisor needed for our mall location. Must have experience with point of sale systems and operate the cash register.,Jobs – Retail
"Customer Service Representative wanted for busy retail store. Duties include upsell products to customers, help with inventory counts, maintain store cleanliness. Great team environment, apply today.",Jobs – Retail
"TrendStore has openings for Retail Sales Associate. Responsibilities: set up promotional displays, price merchandise and apply markdowns. Flexible hours available.",Jobs – Retail
"HomeGoods Plus has openings for Cashier. Responsibilities: restock shelves and organize merchandise, handle cash and credit card transactions. Flexible hours available.",Jobs – Retail
QuickMart is seeking a Inventory Specialist. You will assist with opening and closing procedures and manage fitting room area. Previous retail experience preferred but not required. We offer paid training provided.,Jobs – Retail
"Assistant Manager wanted for busy retail store. Duties include upsell products to customers, operate the cash register, maintain store cleanliness. Great team environment, apply today.",Jobs – Retail
Experienced Customer Service Representative needed for our suburban location. Must have experience with point of sale systems and greet and assist customers.,Jobs – Retail
Hiring immediately! Sales Floor Associate needed for our downtown location. Experience with assist with opening and closing procedures required. Full-time and part-time shifts available.,Jobs – Retail
